"No.","Card ID","Card name","Title / subtype","Star form","Card type","Status","Champion tier","Origins","Classes","Cost (↑ = Ascend cost)","Might","Guard","Keywords","Ability name","Rules text","Crown damage","Flavour text","Flavour source","Art brief","Art brief source","Final art file (suggested)","Variants (alt art / full art — fill in the studio)"
"S2-001","grimm@2","Grimm","The Last Sentry (PROPOSED epithet)","★","Champion","Starter deck: Guardians' Brood (playtested)","Tier I · Common","Hollow","Vanguard","2","1","4","Bulwark","","","","Reporting for duty. Again.","Crownfall voice line (recruited)","Still guarding a forgotten armoury deep under the Arena, centuries after the war. Canon look for this form: A skeletal footsoldier in dented plate, ghost-light in his ribs.","PROPOSED Set 2 scene + Crownfall star-form description","set2/champions/grimm/star_1.png",""
"S2-002","grimm@2-2","Grimm","The Last Sentry (PROPOSED epithet)","★★","Ascension","Draft (playable, not yet balance-tested in a deck)","Tier I · Common","Hollow","Vanguard","↑0","4","7","Bulwark","","+2 Guard while Grimm holds a Relic.","","Still haven't died properly.","Crownfall (same line as Set 1 — no unused canon line left; studio may replace)","Still guarding a forgotten armoury deep under the Arena, centuries after the war. Canon look for this form: Plate reforged with spectral seams; a tattered banner grows from his back.","PROPOSED Set 2 scene + Crownfall star-form description","set2/champions/grimm/star_2.png",""
"S2-003","grimm@2-3","Grimm","The Last Sentry (PROPOSED epithet)","★★★","Ascension","Draft (playable, not yet balance-tested in a deck)","Tier I · Common","Hollow","Vanguard","↑1","7","11","Bulwark","","+2 Guard while Grimm holds a Relic. When Grimm is defeated, Summon two Risen Soldiers.","Breaks 2 shards","Another war ended.","Crownfall (same line as Set 1 — no unused canon line left; studio may replace)","Still guarding a forgotten armoury deep under the Arena, centuries after the war. Canon look for this form: A deathless champion wreathed in green soulfire, his sword a shard of a fallen gate.","PROPOSED Set 2 scene + Crownfall star-form description","set2/champions/grimm/star_3.png",""
"S2-004","fen@2","Fen","Pack Hunter (PROPOSED epithet)","★","Champion","Draft (playable, not yet balance-tested in a deck)","Tier I · Common","Wildkin","Duelist","1","2","1","Ambush","","When Fen defeats a champion on your turn, draw a card.","","I smell weakness.","Crownfall voice line (recruited)","Running the dark tunnels under the Arena with the scent of a monster ahead. Canon look for this form: A lean grey wolf warrior with bone-hilted claws.","PROPOSED Set 2 scene + Crownfall star-form description","set2/champions/fen/star_1.png",""
"S2-005","fen@2-2","Fen","Pack Hunter (PROPOSED epithet)","★★","Ascension","Draft (playable, not yet balance-tested in a deck)","Tier I · Common","Wildkin","Duelist","↑0","5","4","Ambush","","+1 Might while you have fewer shards than your rival. When Fen defeats a champion on your turn, draw a card.","","The pack grows.","Crownfall (same line as Set 1 — no unused canon line left; studio may replace)","Running the dark tunnels under the Arena with the scent of a monster ahead. Canon look for this form: Scarred and armoured in hide, crimson war paint glowing on his muzzle.","PROPOSED Set 2 scene + Crownfall star-form description","set2/champions/fen/star_2.png",""
"S2-006","fen@2-3","Fen","Pack Hunter (PROPOSED epithet)","★★★","Ascension","Draft (playable, not yet balance-tested in a deck)","Tier I · Common","Wildkin","Duelist","↑1","9","7","Ambush","","Your other Wildkin champions have +1 Might. When Fen defeats a champion on your turn, draw a card.","Breaks 2 shards","Good hunt.","Crownfall (same line as Set 1 — no unused canon line left; studio may replace)","Running the dark tunnels under the Arena with the scent of a monster ahead. Canon look for this form: An alpha of the blood moon; a red spirit-wolf runs beside every leap.","PROPOSED Set 2 scene + Crownfall star-form description","set2/champions/fen/star_3.png",""
"S2-007","torren@2","Torren","Keeper of the Deep Vault (PROPOSED epithet)","★","Champion","Draft (playable, not yet balance-tested in a deck)","Tier I · Common","Titanborn","Warden","2","1","5","","","Arrival: Return a Relic from your Fallen pile to your hand.","","Stand behind me.","Crownfall voice line (recruited)","Standing before a sealed vault door in the drowned halls of the Deep. Canon look for this form: A stone-skinned bearer behind a slab shield.","PROPOSED Set 2 scene + Crownfall star-form description","set2/champions/torren/star_1.png",""
"S2-008","torren@2-2","Torren","Keeper of the Deep Vault (PROPOSED epithet)","★★","Ascension","Draft (playable, not yet balance-tested in a deck)","Tier I · Common","Titanborn","Warden","↑0","3","8","Bulwark","","Ascend: Return a Relic from your Fallen pile to your hand.","","Stone endures.","Crownfall (same line as Set 1 — no unused canon line left; studio may replace)","Standing before a sealed vault door in the drowned halls of the Deep. Canon look for this form: The shield becomes a carved gate with glowing gold veins.","PROPOSED Set 2 scene + Crownfall star-form description","set2/champions/torren/star_2.png",""
"S2-009","torren@2-3","Torren","Keeper of the Deep Vault (PROPOSED epithet)","★★★","Ascension","Draft (playable, not yet balance-tested in a deck)","Tier I · Common","Titanborn","Warden","↑1","6","12","Bulwark","","Ascend: Attach a Relic costing 3 or less from your hand to Torren for free. Your other champions have +1 Guard.","Breaks 2 shards","Promise kept.","Crownfall (same line as Set 1 — no unused canon line left; studio may replace)","Standing before a sealed vault door in the drowned halls of the Deep. Canon look for this form: A mountain made small: crystal spires grow from his shoulders and the shield bears a living rune.","PROPOSED Set 2 scene + Crownfall star-form description","set2/champions/torren/star_3.png",""
"S2-010","nyx@2","Nyx","Vault Thief (PROPOSED epithet)","★","Champion","Starter deck: Guardians' Brood (playtested)","Tier I · Common","Umbral","Assassin","1","2","1","Ambush","","When Nyx defeats a champion on your turn, return a Relic from your Fallen pile to your hand.","","You didn't see me.","Crownfall voice line (recruited)","Slipping between treasure piles in a Guardian’s lair, a stolen relic in hand. Canon look for this form: A hooded thief with two crooked daggers.","PROPOSED Set 2 scene + Crownfall star-form description","set2/champions/nyx/star_1.png",""
"S2-011","nyx@2-2","Nyx","Vault Thief (PROPOSED epithet)","★★","Ascension","Starter deck: Guardians' Brood (playtested)","Tier I · Common","Umbral","Assassin","↑0","6","3","Ambush, Flight","","When Nyx defeats a champion on your turn, return a Relic from your Fallen pile to your hand.","","Quieter. Sharper.","Crownfall (same line as Set 1 — no unused canon line left; studio may replace)","Slipping between treasure piles in a Guardian’s lair, a stolen relic in hand. Canon look for this form: Her cloak drips living shadow; violet eyes glow beneath the hood.","PROPOSED Set 2 scene + Crownfall star-form description","set2/champions/nyx/star_2.png",""
"S2-012","nyx@2-3","Nyx","Vault Thief (PROPOSED epithet)","★★★","Ascension","Starter deck: Guardians' Brood (playtested)","Tier I · Common","Umbral","Assassin","↑1","10","5","Ambush, Flight","","Attack: The defender gets −2 Might this turn. When Nyx defeats a champion on your turn, return a Relic from your Fallen pile to your hand.","Breaks 2 shards","Gone before they knew.","Crownfall (same line as Set 1 — no unused canon line left; studio may replace)","Slipping between treasure piles in a Guardian’s lair, a stolen relic in hand. Canon look for this form: Half shadow, half girl: a trail of afterimages follows her and her daggers are carved from night.","PROPOSED Set 2 scene + Crownfall star-form description","set2/champions/nyx/star_3.png",""
"S2-013","rowan@2","Rowan","Warden of the Deep Gate (PROPOSED epithet)","★","Champion","Starter deck: Vault Delvers (playtested)","Tier I · Common","Kingdom","Ranger","1","2","2","Reach","","Block: Scorch 1 the attacker.","","The wind is kind today.","Crownfall voice line (recruited)","Holding the great gate to the under-halls, bow drawn into the dark. Canon look for this form: A kingdom archer with a yew longbow.","PROPOSED Set 2 scene + Crownfall star-form description","set2/champions/rowan/star_1.png",""
"S2-014","rowan@2-2","Rowan","Warden of the Deep Gate (PROPOSED epithet)","★★","Ascension","Draft (playable, not yet balance-tested in a deck)","Tier I · Common","Kingdom","Ranger","↑0","4","5","Reach, Bulwark","","Block: Scorch 2 the attacker.","","A thousand paces, now.","Crownfall (same line as Set 1 — no unused canon line left; studio may replace)","Holding the great gate to the under-halls, bow drawn into the dark. Canon look for this form: Royal green tabard and a silver-limbed bow.","PROPOSED Set 2 scene + Crownfall star-form description","set2/champions/rowan/star_2.png",""
"S2-015","rowan@2-3","Rowan","Warden of the Deep Gate (PROPOSED epithet)","★★★","Ascension","Draft (playable, not yet balance-tested in a deck)","Tier I · Common","Kingdom","Ranger","↑1","8","8","Reach, Bulwark","","Your other Kingdom champions have +1 Guard. Block: Scorch 2 the attacker.","Breaks 2 shards","Clean shots.","Crownfall (same line as Set 1 — no unused canon line left; studio may replace)","Holding the great gate to the under-halls, bow drawn into the dark. Canon look for this form: A legendary marksman: arrows of light, a lion cloak and a falcon familiar.","PROPOSED Set 2 scene + Crownfall star-form description","set2/champions/rowan/star_3.png",""
"S2-016","kael@2","Kael","Relic Seeker (PROPOSED epithet)","★","Champion","Starter deck: Vault Delvers (playtested)","Tier I · Common","Kingdom","Duelist","2","3","2","","","Arrival: Attach a Relic costing 2 or less from your hand to Kael for free.","","I will be worthy.","Crownfall voice line (recruited)","Torchlit vaults beneath the Arena; he reaches for a relic blade on a broken plinth. Canon look for this form: A young swordsman in travelling leathers.","PROPOSED Set 2 scene + Crownfall star-form description","set2/champions/kael/star_1.png",""
"S2-017","kael@2-2","Kael","Relic Seeker (PROPOSED epithet)","★★","Ascension","Starter deck: Vault Delvers (playtested)","Tier I · Common","Kingdom","Duelist","↑0","5","4","","","+2 Might while Kael holds a Relic.","","Stronger — for the Crown.","Crownfall (same line as Set 1 — no unused canon line left; studio may replace)","Torchlit vaults beneath the Arena; he reaches for a relic blade on a broken plinth. Canon look for this form: Blue-steel armour and a blade that leaves a crescent of light.","PROPOSED Set 2 scene + Crownfall star-form description","set2/champions/kael/star_2.png",""
"S2-018","kael@2-3","Kael","Relic Seeker (PROPOSED epithet)","★★★","Ascension","Starter deck: Vault Delvers (playtested)","Tier I · Common","Kingdom","Duelist","↑1","9","7","","","+2 Might while Kael holds a Relic. When Kael defeats a champion on your turn, draw a card.","Breaks 2 shards","One step closer.","Crownfall (same line as Set 1 — no unused canon line left; studio may replace)","Torchlit vaults beneath the Arena; he reaches for a relic blade on a broken plinth. Canon look for this form: A crowned hero-in-waiting; his sword blazes with the sigil of a kingdom that does not exist yet.","PROPOSED Set 2 scene + Crownfall star-form description","set2/champions/kael/star_3.png",""
"S2-019","solenne@2","Solenne Ash","Lantern of the Underways (PROPOSED epithet)","★","Champion","Draft (playable, not yet balance-tested in a deck)","Tier II · Uncommon","Dawnforged","Vanguard","3","3","3","Charge","","Attack: Scorch 1 each rival champion.","","Shadows, beware.","Crownfall voice line (recruited)","Her blade lights the tunnels as shadows flee from the dawnfire. Canon look for this form: A flame knight in rose-gold plate.","PROPOSED Set 2 scene + Crownfall star-form description","set2/champions/solenne/star_1.png",""
"S2-020","solenne@2-2","Solenne Ash","Lantern of the Underways (PROPOSED epithet)","★★","Ascension","Draft (playable, not yet balance-tested in a deck)","Tier II · Uncommon","Dawnforged","Vanguard","↑1","6","6","Charge","","Attack: Scorch 1 each rival champion. Your other Dawnforged champions have +1 Might.","","The dawn burns brighter!","Crownfall (same line as Set 1 — no unused canon line left; studio may replace)","Her blade lights the tunnels as shadows flee from the dawnfire. Canon look for this form: Her plume becomes fire; her blade glows white-hot.","PROPOSED Set 2 scene + Crownfall star-form description","set2/champions/solenne/star_2.png",""
"S2-021","solenne@2-3","Solenne Ash","Lantern of the Underways (PROPOSED epithet)","★★★","Ascension","Draft (playable, not yet balance-tested in a deck)","Tier II · Uncommon","Dawnforged","Vanguard","↑2","10","9","Charge","","Ascend: Shield each champion you control. Attack: Scorch 2 each rival champion.","Breaks 2 shards","Cleansed.","Crownfall (same line as Set 1 — no unused canon line left; studio may replace)","Her blade lights the tunnels as shadows flee from the dawnfire. Canon look for this form: Sun-forged armour, blazing wings and a trail of dawnfire.","PROPOSED Set 2 scene + Crownfall star-form description","set2/champions/solenne/star_3.png",""
"S2-022","grizz@2","Grizz","Breaker of Beasts (PROPOSED epithet)","★","Champion","Draft (playable, not yet balance-tested in a deck)","Tier II · Uncommon","Wildkin","Bruiser","3","4","3","","","+2 Might while Grizz holds a Relic.","","GRAHH!","Crownfall voice line (recruited)","Wrestling a monster twice his size in a cavern beneath the Arena. Canon look for this form: An enormous bear warrior with iron-shod claws.","PROPOSED Set 2 scene + Crownfall star-form description","set2/champions/grizz/star_1.png",""
"S2-023","grizz@2-2","Grizz","Breaker of Beasts (PROPOSED epithet)","★★","Ascension","Draft (playable, not yet balance-tested in a deck)","Tier II · Uncommon","Wildkin","Bruiser","↑1","7","6","","","+2 Might while Grizz holds a Relic. When Grizz defeats a champion on your turn, Shield Grizz.","","BIGGER GRAHH!","Crownfall (same line as Set 1 — no unused canon line left; studio may replace)","Wrestling a monster twice his size in a cavern beneath the Arena. Canon look for this form: War-paint and a pauldron made from a mountain troll's skull.","PROPOSED Set 2 scene + Crownfall star-form description","set2/champions/grizz/star_2.png",""
"S2-024","grizz@2-3","Grizz","Breaker of Beasts (PROPOSED epithet)","★★★","Ascension","Draft (playable, not yet balance-tested in a deck)","Tier II · Uncommon","Wildkin","Bruiser","↑2","11","9","","","+3 Might while Grizz holds a Relic. When Grizz defeats a champion on your turn, Shield Grizz.","Breaks 2 shards","Nap time.","Crownfall (same line as Set 1 — no unused canon line left; studio may replace)","Wrestling a monster twice his size in a cavern beneath the Arena. Canon look for this form: A primal bear-titan whose roar shakes the arena floor.","PROPOSED Set 2 scene + Crownfall star-form description","set2/champions/grizz/star_3.png",""
"S2-025","gearwick@2","Gearwick-9","Relic Engineer (PROPOSED epithet)","★","Champion","Starter deck: Vault Delvers (playtested)","Tier II · Uncommon","Gearbound","Artillerist","2","3","3","Reach","","Arrival: Attach a Relic costing 2 or less from your hand to Gearwick-9 for free.","","Calculating trajectory.","Crownfall voice line (recruited)","Bolting a recovered relic into its siege frame in an underground workshop. Canon look for this form: A clockwork artillery robot with a brass mortar.","PROPOSED Set 2 scene + Crownfall star-form description","set2/champions/gearwick/star_1.png",""
"S2-026","gearwick@2-2","Gearwick-9","Relic Engineer (PROPOSED epithet)","★★","Ascension","Draft (playable, not yet balance-tested in a deck)","Tier II · Uncommon","Gearbound","Artillerist","↑1","5","6","Reach","","+2 Might while Gearwick-9 holds a Relic. Attack: Scorch 1 each rival champion.","","Additional barrels installed.","Crownfall (same line as Set 1 — no unused canon line left; studio may replace)","Bolting a recovered relic into its siege frame in an underground workshop. Canon look for this form: Twin barrels and a targeting monocle that clicks.","PROPOSED Set 2 scene + Crownfall star-form description","set2/champions/gearwick/star_2.png",""
"S2-027","gearwick@2-3","Gearwick-9","Relic Engineer (PROPOSED epithet)","★★★","Ascension","Draft (playable, not yet balance-tested in a deck)","Tier II · Uncommon","Gearbound","Artillerist","↑2","8","9","Reach","","Your other Gearbound champions have +1 Might and +1 Guard. Attack: Scorch 2 each rival champion.","Breaks 2 shards","Odds improved.","Crownfall (same line as Set 1 — no unused canon line left; studio may replace)","Bolting a recovered relic into its siege frame in an underground workshop. Canon look for this form: A walking siege tower with a rotary mortar crown.","PROPOSED Set 2 scene + Crownfall star-form description","set2/champions/gearwick/star_3.png",""
"S2-028","shade@2","Shade","Mask of the Depths (PROPOSED epithet)","★","Champion","Starter deck: Guardians' Brood (playtested)","Tier II · Uncommon","Umbral","Assassin","2","3","2","Ambush","","Attack: The defender gets −1 Might this turn.","","A mark has been chosen.","Crownfall voice line (recruited)","A faceless mask hanging in the dark of the lowest halls, blades already drawn. Canon look for this form: A masked assassin with a red-lacquered blade.","PROPOSED Set 2 scene + Crownfall star-form description","set2/champions/shade/star_1.png",""
"S2-029","shade@2-2","Shade","Mask of the Depths (PROPOSED epithet)","★★","Ascension","Draft (playable, not yet balance-tested in a deck)","Tier II · Uncommon","Umbral","Assassin","↑1","6","4","Ambush","","Attack: The defender gets −2 Might this turn.","","The mask cracks. Good.","Crownfall (same line as Set 1 — no unused canon line left; studio may replace)","A faceless mask hanging in the dark of the lowest halls, blades already drawn. Canon look for this form: The mask cracks, revealing a crimson glow beneath.","PROPOSED Set 2 scene + Crownfall star-form description","set2/champions/shade/star_2.png",""
"S2-030","shade@2-3","Shade","Mask of the Depths (PROPOSED epithet)","★★★","Ascension","Draft (playable, not yet balance-tested in a deck)","Tier II · Uncommon","Umbral","Assassin","↑2","10","6","Ambush, Flight","","Attack: The defender gets −3 Might this turn. When Shade defeats a champion on your turn, draw a card.","Breaks 2 shards","Executed.","Crownfall (same line as Set 1 — no unused canon line left; studio may replace)","A faceless mask hanging in the dark of the lowest halls, blades already drawn. Canon look for this form: A wraith of ribbons and knives; the mask floats in front of an empty hood.","PROPOSED Set 2 scene + Crownfall star-form description","set2/champions/shade/star_3.png",""
"S2-031","borin@2","Borin Ironbelly","Forgemaster of the Deep (PROPOSED epithet)","★","Champion","Starter deck: Vault Delvers (playtested)","Tier II · Uncommon","Titanborn","Bruiser","3","3","4","","","Arrival: Return a Relic from your Fallen pile to your hand.","","The forge is hot!","Crownfall voice line (recruited)","At a roaring forge beneath the Arena, reforging a Guardian’s broken relic. Canon look for this form: A broad Forgekin smith: basalt skin, braided beard of copper wire, a glowing hammer.","PROPOSED Set 2 scene + Crownfall star-form description","set2/champions/borin/star_1.png",""
"S2-032","borin@2-2","Borin Ironbelly","Forgemaster of the Deep (PROPOSED epithet)","★★","Ascension","Starter deck: Vault Delvers (playtested)","Tier II · Uncommon","Titanborn","Bruiser","↑1","6","7","","","Ascend: Attach a Relic costing 3 or less from your hand to Borin Ironbelly for free. +2 Might while Borin Ironbelly holds a Relic.","","Hammer sings louder!","Crownfall (same line as Set 1 — no unused canon line left; studio may replace)","At a roaring forge beneath the Arena, reforging a Guardian’s broken relic. Canon look for this form: Magma veins open along his arms; his hammer head is a live forge.","PROPOSED Set 2 scene + Crownfall star-form description","set2/champions/borin/star_2.png",""
"S2-033","borin@2-3","Borin Ironbelly","Forgemaster of the Deep (PROPOSED epithet)","★★★","Ascension","Starter deck: Vault Delvers (playtested)","Tier II · Uncommon","Titanborn","Bruiser","↑2","10","10","Bulwark","","+2 Might while Borin Ironbelly holds a Relic. Your other Titanborn champions have +1 Guard.","Breaks 2 shards","Well struck.","Crownfall (same line as Set 1 — no unused canon line left; studio may replace)","At a roaring forge beneath the Arena, reforging a Guardian’s broken relic. Canon look for this form: Borin becomes a walking furnace; his beard is molten metal and every step leaves slag.","PROPOSED Set 2 scene + Crownfall star-form description","set2/champions/borin/star_3.png",""
"S2-034","seren@2","Seren","Starlight in the Dark (PROPOSED epithet)","★","Champion","Draft (playable, not yet balance-tested in a deck)","Tier II · Uncommon","Astral","Summoner","2","1","3","Flight","","Arrival: Draw a card.","","The starlings are hungry.","Crownfall voice line (recruited)","Her Starlings light a vast underground cavern like a night sky. Canon look for this form: A star-child with a lantern staff.","PROPOSED Set 2 scene + Crownfall star-form description","set2/champions/seren/star_1.png",""
"S2-035","seren@2-2","Seren","Starlight in the Dark (PROPOSED epithet)","★★","Ascension","Draft (playable, not yet balance-tested in a deck)","Tier II · Uncommon","Astral","Summoner","↑1","3","6","Flight","","Ascend: Summon two Starlings. Your other Astral champions have +1 Might.","","More stars, more friends!","Crownfall (same line as Set 1 — no unused canon line left; studio may replace)","Her Starlings light a vast underground cavern like a night sky. Canon look for this form: A cloak of night sky and a lantern that holds a real star.","PROPOSED Set 2 scene + Crownfall star-form description","set2/champions/seren/star_2.png",""
"S2-036","seren@2-3","Seren","Starlight in the Dark (PROPOSED epithet)","★★★","Ascension","Draft (playable, not yet balance-tested in a deck)","Tier II · Uncommon","Astral","Summoner","↑2","6","9","Flight","","Ascend: Mend 1. Your other Astral champions have +1 Might.","Breaks 2 shards","Twinkle, twinkle!","Crownfall (same line as Set 1 — no unused canon line left; studio may replace)","Her Starlings light a vast underground cavern like a night sky. Canon look for this form: Constellations sketch themselves around her; a flock of light-birds circles overhead.","PROPOSED Set 2 scene + Crownfall star-form description","set2/champions/seren/star_3.png",""
"S2-037","dax@2","Dax Meridian","Guardian Hunter (PROPOSED epithet)","★","Champion","Draft (playable, not yet balance-tested in a deck)","Tier II · Uncommon","Riftborn","Ranger","2","3","2","Reach","","Attack: Scorch 2 the defender.","","This isn't my first reality.","Crownfall voice line (recruited)","Taking aim at a towering Guardian through a rift in the cavern wall. Canon look for this form: A dimensional gunslinger in a dusty long coat.","PROPOSED Set 2 scene + Crownfall star-form description","set2/champions/dax/star_1.png",""
"S2-038","dax@2-2","Dax Meridian","Guardian Hunter (PROPOSED epithet)","★★","Ascension","Draft (playable, not yet balance-tested in a deck)","Tier II · Uncommon","Riftborn","Ranger","↑1","6","4","Reach, Flight","","Attack: Scorch 2 the defender. When Dax Meridian defeats a champion on your turn, draw a card.","","Forty-two realities, one gun.","Crownfall (same line as Set 1 — no unused canon line left; studio may replace)","Taking aim at a towering Guardian through a rift in the cavern wall. Canon look for this form: Rift cracks glow along his revolver; his coat shows another sky.","PROPOSED Set 2 scene + Crownfall star-form description","set2/champions/dax/star_2.png",""
"S2-039","dax@2-3","Dax Meridian","Guardian Hunter (PROPOSED epithet)","★★★","Ascension","Draft (playable, not yet balance-tested in a deck)","Tier II · Uncommon","Riftborn","Ranger","↑2","10","7","Flight","","Attack: Scorch 3 the defender. When Dax Meridian defeats a champion on your turn, draw a card.","Breaks 2 shards","Not the one I lose in.","Crownfall (same line as Set 1 — no unused canon line left; studio may replace)","Taking aim at a towering Guardian through a rift in the cavern wall. Canon look for this form: A drifter from every timeline at once: ghostly copies echo his shots.","PROPOSED Set 2 scene + Crownfall star-form description","set2/champions/dax/star_3.png",""
"S2-040","elara@2","Elara","Healer of the Fallen Deep (PROPOSED epithet)","★","Champion","Draft (playable, not yet balance-tested in a deck)","Tier II · Uncommon","Kingdom","Mystic","3","1","4","","","Arrival: Shield another champion you control. Return a Relic from your Fallen pile to your hand.","","Who needs mending?","Crownfall voice line (recruited)","Tending the wounded of the descent by lantern light in a collapsed hall. Canon look for this form: A battlefield healer with a satchel of salves.","PROPOSED Set 2 scene + Crownfall star-form description","set2/champions/elara/star_1.png",""
"S2-041","elara@2-2","Elara","Healer of the Fallen Deep (PROPOSED epithet)","★★","Ascension","Draft (playable, not yet balance-tested in a deck)","Tier II · Uncommon","Kingdom","Mystic","↑1","3","7","","","Ascend: Shield each champion you control.","","No one falls today.","Crownfall (same line as Set 1 — no unused canon line left; studio may replace)","Tending the wounded of the descent by lantern light in a collapsed hall. Canon look for this form: White-and-blue royal vestments; her tome glows.","PROPOSED Set 2 scene + Crownfall star-form description","set2/champions/elara/star_2.png",""
"S2-042","elara@2-3","Elara","Healer of the Fallen Deep (PROPOSED epithet)","★★★","Ascension","Draft (playable, not yet balance-tested in a deck)","Tier II · Uncommon","Kingdom","Mystic","↑2","6","10","","","Ascend: Shield each champion you control, then Mend 1.","Breaks 2 shards","Everyone accounted for.","Crownfall (same line as Set 1 — no unused canon line left; studio may replace)","Tending the wounded of the descent by lantern light in a collapsed hall. Canon look for this form: An angel of the field hospital, light pouring from her open tome.","PROPOSED Set 2 scene + Crownfall star-form description","set2/champions/elara/star_3.png",""
"S2-043","rask@2","Rask","Champion of the Underpits (PROPOSED epithet)","★","Champion","Draft (playable, not yet balance-tested in a deck)","Tier II · Uncommon","Wildkin","Duelist","2","3","2","Charge","","","","One. Two. Three.","Crownfall voice line (recruited)","Roaring in the blood-sand of the Underpits, a monster’s skull at his feet. Canon look for this form: A reptilian gladiator with a notched gladius.","PROPOSED Set 2 scene + Crownfall star-form description","set2/champions/rask/star_1.png",""
"S2-044","rask@2-2","Rask","Champion of the Underpits (PROPOSED epithet)","★★","Ascension","Draft (playable, not yet balance-tested in a deck)","Tier II · Uncommon","Wildkin","Duelist","↑1","6","5","Charge","","When Rask defeats a champion on your turn, Shield Rask.","","The crowd chants my name.","Crownfall (same line as Set 1 — no unused canon line left; studio may replace)","Roaring in the blood-sand of the Underpits, a monster’s skull at his feet. Canon look for this form: Gilded arena armour and a trophy belt.","PROPOSED Set 2 scene + Crownfall star-form description","set2/champions/rask/star_2.png",""
"S2-045","rask@2-3","Rask","Champion of the Underpits (PROPOSED epithet)","★★★","Ascension","Draft (playable, not yet balance-tested in a deck)","Tier II · Uncommon","Wildkin","Duelist","↑2","10","8","Charge, Ambush","","Once per turn, when Rask defeats a champion on your turn, ready Rask.","Breaks 2 shards","Undefeated.","Crownfall (same line as Set 1 — no unused canon line left; studio may replace)","Roaring in the blood-sand of the Underpits, a monster’s skull at his feet. Canon look for this form: The undefeated: golden scales and a cloak of every champion he has bested.","PROPOSED Set 2 scene + Crownfall star-form description","set2/champions/rask/star_3.png",""
"S2-046","valkara@2","Valkara","Judge of the Depths (PROPOSED epithet)","★","Champion","Draft (playable, not yet balance-tested in a deck)","Tier III · Elite","Astral","Duelist","3","4","3","Flight","","Attack: Scorch 1 the defender.","","Judgment comes from above.","Crownfall voice line (recruited)","Diving from a cavern’s darkness, wings blazing, to pass judgment on a monster. Canon look for this form: A winged celestial warrior with a spear-sword.","PROPOSED Set 2 scene + Crownfall star-form description","set2/champions/valkara/star_1.png",""
"S2-047","valkara@2-2","Valkara","Judge of the Depths (PROPOSED epithet)","★★","Ascension","Draft (playable, not yet balance-tested in a deck)","Tier III · Elite","Astral","Duelist","↑1","7","6","Flight","","Ascend: Defeat each rival champion with Guard 1 or less.","","My wings are sharper.","Crownfall (same line as Set 1 — no unused canon line left; studio may replace)","Diving from a cavern’s darkness, wings blazing, to pass judgment on a monster. Canon look for this form: Wings of starlight and a gilded war-helm.","PROPOSED Set 2 scene + Crownfall star-form description","set2/champions/valkara/star_2.png",""
"S2-048","valkara@2-3","Valkara","Judge of the Depths (PROPOSED epithet)","★★★","Ascension","Draft (playable, not yet balance-tested in a deck)","Tier III · Elite","Astral","Duelist","↑2","11","9","Flight","","Ascend: Defeat each rival champion with Guard 2 or less. Attack: Scorch 1 the defender.","Breaks 2 shards","The verdict stands.","Crownfall (same line as Set 1 — no unused canon line left; studio may replace)","Diving from a cavern’s darkness, wings blazing, to pass judgment on a monster. Canon look for this form: Six wings, a halo of blades and a dive that splits the sky.","PROPOSED Set 2 scene + Crownfall star-form description","set2/champions/valkara/star_3.png",""
"S2-049","dreadmouth@2","Dreadmouth","Devourer of Guardians (PROPOSED epithet)","★","Champion","Starter deck: Guardians' Brood (playtested)","Tier III · Elite","Hollow","Bruiser","4","5","4","","","When Dreadmouth defeats a champion on your turn, draw a card.","","Hungry…","Crownfall voice line (recruited)","Rising from black water with a Guardian’s armour still in its teeth. Canon look for this form: An enormous hollow creature that is mostly jaw.","PROPOSED Set 2 scene + Crownfall star-form description","set2/champions/dreadmouth/star_1.png",""
"S2-050","dreadmouth@2-2","Dreadmouth","Devourer of Guardians (PROPOSED epithet)","★★","Ascension","Starter deck: Guardians' Brood (playtested)","Tier III · Elite","Hollow","Bruiser","↑1","8","7","Ambush","","When Dreadmouth defeats a champion on your turn, draw a card.","","MORE TEETH.","Crownfall (same line as Set 1 — no unused canon line left; studio may replace)","Rising from black water with a Guardian’s armour still in its teeth. Canon look for this form: Bone plates, a second jaw, and ghostfire in its throat.","PROPOSED Set 2 scene + Crownfall star-form description","set2/champions/dreadmouth/star_2.png",""
"S2-051","dreadmouth@2-3","Dreadmouth","Devourer of Guardians (PROPOSED epithet)","★★★","Ascension","Starter deck: Guardians' Brood (playtested)","Tier III · Elite","Hollow","Bruiser","↑2","12","10","Ambush","","When Dreadmouth defeats a champion on your turn, draw a card and Shield Dreadmouth.","Breaks 2 shards","Delicious.","Crownfall (same line as Set 1 — no unused canon line left; studio may replace)","Rising from black water with a Guardian’s armour still in its teeth. Canon look for this form: A leviathan of the dead: an entire graveyard of teeth.","PROPOSED Set 2 scene + Crownfall star-form description","set2/champions/dreadmouth/star_3.png",""
"S2-052","spark@2","Professor Spark","Relic Inventor (PROPOSED epithet)","★","Champion","Starter deck: Vault Delvers (playtested)","Tier III · Elite","Gearbound","Summoner","3","2","3","","","Arrival: Attach a Relic costing 2 or less from your hand to Professor Spark for free.","","Excessive voltage? Never!","Crownfall voice line (recruited)","Wiring a crackling relic into a new turret in a lamp-lit underground lab. Canon look for this form: A wild-haired engineer with a wrench and a tool-pack.","PROPOSED Set 2 scene + Crownfall star-form description","set2/champions/spark/star_1.png",""
"S2-053","spark@2-2","Professor Spark","Relic Inventor (PROPOSED epithet)","★★","Ascension","Draft (playable, not yet balance-tested in a deck)","Tier III · Elite","Gearbound","Summoner","↑1","5","6","","","Ascend: Summon an Arc Turret. +2 Might while Professor Spark holds a Relic.","","Version two, even better!","Crownfall (same line as Set 1 — no unused canon line left; studio may replace)","Wiring a crackling relic into a new turret in a lamp-lit underground lab. Canon look for this form: A mechanical arm grows from the pack; goggles spark.","PROPOSED Set 2 scene + Crownfall star-form description","set2/champions/spark/star_2.png",""
"S2-054","spark@2-3","Professor Spark","Relic Inventor (PROPOSED epithet)","★★★","Ascension","Draft (playable, not yet balance-tested in a deck)","Tier III · Elite","Gearbound","Summoner","↑2","8","9","Bulwark","","Ascend: Summon two Arc Turrets. Your other Gearbound champions have +1 Might.","Breaks 2 shards","Science wins again!","Crownfall (same line as Set 1 — no unused canon line left; studio may replace)","Wiring a crackling relic into a new turret in a lamp-lit underground lab. Canon look for this form: He sits in a walking workshop that builds turrets on the fly.","PROPOSED Set 2 scene + Crownfall star-form description","set2/champions/spark/star_3.png",""
"S2-055","orion@2","Orion","Star-Charter of the Deep (PROPOSED epithet)","★","Champion","Draft (playable, not yet balance-tested in a deck)","Tier III · Elite","Astral","Ranger","3","4","2","Reach","","Arrival: Draw a card.","","I have a star with your name.","Crownfall voice line (recruited)","Charting constellations painted on a cavern ceiling, bow resting on his shoulder. Canon look for this form: A star-powered sniper with a crescent longbow.","PROPOSED Set 2 scene + Crownfall star-form description","set2/champions/orion/star_1.png",""
"S2-056","orion@2-2","Orion","Star-Charter of the Deep (PROPOSED epithet)","★★","Ascension","Draft (playable, not yet balance-tested in a deck)","Tier III · Elite","Astral","Ranger","↑1","7","5","Reach","","Attack: Scorch 2 the defender. Your other Astral champions have +1 Guard.","","The constellations align.","Crownfall (same line as Set 1 — no unused canon line left; studio may replace)","Charting constellations painted on a cavern ceiling, bow resting on his shoulder. Canon look for this form: Constellations glow across his armour; his bow draws starlight.","PROPOSED Set 2 scene + Crownfall star-form description","set2/champions/orion/star_2.png",""
"S2-057","orion@2-3","Orion","Star-Charter of the Deep (PROPOSED epithet)","★★★","Ascension","Draft (playable, not yet balance-tested in a deck)","Tier III · Elite","Astral","Ranger","↑2","11","8","Reach, Flight","","Ascend: Scorch 3 each rival champion.","Breaks 2 shards","Named and claimed.","Crownfall (same line as Set 1 — no unused canon line left; studio may replace)","Charting constellations painted on a cavern ceiling, bow resting on his shoulder. Canon look for this form: A hunter of gods: his arrows are comets.","PROPOSED Set 2 scene + Crownfall star-form description","set2/champions/orion/star_3.png",""
"S2-058","maeve@2","Maeve","Broker of Relics (PROPOSED epithet)","★","Champion","Draft (playable, not yet balance-tested in a deck)","Tier III · Elite","Verdant · Hexbound","Mystic","3","2","4","","","Arrival: Return a Relic from your Fallen pile to your hand. A rival champion gets −2 Might this turn.","","Every gift has a price.","Crownfall voice line (recruited)","Weighing two glowing relics in the roots of an underground grove. Canon look for this form: An ancient forest witch with a staff of living wood.","PROPOSED Set 2 scene + Crownfall star-form description","set2/champions/maeve/star_1.png",""
"S2-059","maeve@2-2","Maeve","Broker of Relics (PROPOSED epithet)","★★","Ascension","Draft (playable, not yet balance-tested in a deck)","Tier III · Elite","Verdant · Hexbound","Mystic","↑1","4","7","","","Ascend: Return a Relic from your Fallen pile to your hand. Draw a card.","","The old bargain holds.","Crownfall (same line as Set 1 — no unused canon line left; studio may replace)","Weighing two glowing relics in the roots of an underground grove. Canon look for this form: Antlers of bone and branch; her shadow is a tree.","PROPOSED Set 2 scene + Crownfall star-form description","set2/champions/maeve/star_2.png",""
"S2-060","maeve@2-3","Maeve","Broker of Relics (PROPOSED epithet)","★★★","Ascension","Draft (playable, not yet balance-tested in a deck)","Tier III · Elite","Verdant · Hexbound","Mystic","↑2","7","10","","","Ascend: Attach a Relic costing 4 or less from your hand to Maeve for free. Shield each champion you control.","Breaks 2 shards","Debts collected.","Crownfall (same line as Set 1 — no unused canon line left; studio may replace)","Weighing two glowing relics in the roots of an underground grove. Canon look for this form: The forest itself leans in to listen: moths of light circle her crown of antlers.","PROPOSED Set 2 scene + Crownfall star-form description","set2/champions/maeve/star_3.png",""
"S2-061","ronin@2","Ronin Zero","Blade Beneath the Arena (PROPOSED epithet)","★","Champion","Draft (playable, not yet balance-tested in a deck)","Tier III · Elite","Voltborn","Duelist","3","4","3","Charge","","+1 Might while Ronin Zero holds a Relic.","","Frame ready.","Crownfall voice line (recruited)","A lone frame crackling with current in a flooded tunnel, a relic sword drawn. Canon look for this form: A cybernetic wandering swordsman with a straw-coloured visor.","PROPOSED Set 2 scene + Crownfall star-form description","set2/champions/ronin/star_1.png",""
"S2-062","ronin@2-2","Ronin Zero","Blade Beneath the Arena (PROPOSED epithet)","★★","Ascension","Draft (playable, not yet balance-tested in a deck)","Tier III · Elite","Voltborn","Duelist","↑1","7","6","Charge","","+2 Might while Ronin Zero holds a Relic. Attack: Scorch 1 the defender.","","Faster than memory.","Crownfall (same line as Set 1 — no unused canon line left; studio may replace)","A lone frame crackling with current in a flooded tunnel, a relic sword drawn. Canon look for this form: Arc lines trace his frame; his blade hums.","PROPOSED Set 2 scene + Crownfall star-form description","set2/champions/ronin/star_2.png",""
"S2-063","ronin@2-3","Ronin Zero","Blade Beneath the Arena (PROPOSED epithet)","★★★","Ascension","Draft (playable, not yet balance-tested in a deck)","Tier III · Elite","Voltborn","Duelist","↑2","11","9","Charge, Ambush","","+2 Might while Ronin Zero holds a Relic. Once per turn, when Ronin Zero defeats a champion on your turn, ready Ronin Zero.","Breaks 2 shards","The technique remains.","Crownfall (same line as Set 1 — no unused canon line left; studio may replace)","A lone frame crackling with current in a flooded tunnel, a relic sword drawn. Canon look for this form: He moves faster than his own afterimages; a lightning scabbard crackles at his hip.","PROPOSED Set 2 scene + Crownfall star-form description","set2/champions/ronin/star_3.png",""
"S2-064","ignara@2","Ignara","Heart of the Forge (PROPOSED epithet)","★","Champion","Draft (playable, not yet balance-tested in a deck)","Tier III · Elite","Elemental","Vanguard","3","3","4","","","Arrival: Scorch 1 each rival champion.","","Everywhere else is cold.","Crownfall voice line (recruited)","Burning at the heart of the deep forges, molten relics floating around her. Canon look for this form: A fire elemental warrior in cooling obsidian armour.","PROPOSED Set 2 scene + Crownfall star-form description","set2/champions/ignara/star_1.png",""
"S2-065","ignara@2-2","Ignara","Heart of the Forge (PROPOSED epithet)","★★","Ascension","Draft (playable, not yet balance-tested in a deck)","Tier III · Elite","Elemental","Vanguard","↑1","6","7","","","Your other Elemental champions have +1 Might. Block: Scorch 2 the attacker.","","Burn brighter!","Crownfall (same line as Set 1 — no unused canon line left; studio may replace)","Burning at the heart of the deep forges, molten relics floating around her. Canon look for this form: The armour cracks and roars with flame.","PROPOSED Set 2 scene + Crownfall star-form description","set2/champions/ignara/star_2.png",""
"S2-066","ignara@2-3","Ignara","Heart of the Forge (PROPOSED epithet)","★★★","Ascension","Draft (playable, not yet balance-tested in a deck)","Tier III · Elite","Elemental","Vanguard","↑2","9","10","Bulwark","","Ascend: Scorch 2 each rival champion. Your other Elemental champions have +1 Might.","Breaks 2 shards","Only ash.","Crownfall (same line as Set 1 — no unused canon line left; studio may replace)","Burning at the heart of the deep forges, molten relics floating around her. Canon look for this form: A pillar of fire in the shape of a woman; the air itself is burning.","PROPOSED Set 2 scene + Crownfall star-form description","set2/champions/ignara/star_3.png",""
"S2-067","morrow@2","Morrow","Lord of the Buried Halls (PROPOSED epithet)","★","Champion","Starter deck: Guardians' Brood (playtested)","Tier III · Elite","Hollow","Summoner","3","2","3","","","Arrival: Summon a Risen Soldier.","","Death is a waste of soldiers.","Crownfall voice line (recruited)","Raising the soldiers buried beneath the Arena from their stone tombs. Canon look for this form: A gaunt necromancer with a bone scythe.","PROPOSED Set 2 scene + Crownfall star-form description","set2/champions/morrow/star_1.png",""
"S2-068","morrow@2-2","Morrow","Lord of the Buried Halls (PROPOSED epithet)","★★","Ascension","Starter deck: Guardians' Brood (playtested)","Tier III · Elite","Hollow","Summoner","↑1","5","6","","","Ascend: Summon two Risen Soldiers.","","My legion grows.","Crownfall (same line as Set 1 — no unused canon line left; studio may replace)","Raising the soldiers buried beneath the Arena from their stone tombs. Canon look for this form: Ghostlights orbit him and his robes are stitched from banners.","PROPOSED Set 2 scene + Crownfall star-form description","set2/champions/morrow/star_2.png",""
"S2-069","morrow@2-3","Morrow","Lord of the Buried Halls (PROPOSED epithet)","★★★","Ascension","Starter deck: Guardians' Brood (playtested)","Tier III · Elite","Hollow","Summoner","↑2","8","9","","","Ascend: Deploy a ★ champion costing 4 or less from your Fallen pile for free. Your other Hollow champions have +1 Might.","Breaks 2 shards","Rise, and rest.","Crownfall (same line as Set 1 — no unused canon line left; studio may replace)","Raising the soldiers buried beneath the Arena from their stone tombs. Canon look for this form: A lord of the grave crowned in spectral candles.","PROPOSED Set 2 scene + Crownfall star-form description","set2/champions/morrow/star_3.png",""
"S2-070","blacktide@2","Captain Blacktide","Plunderer of the Vault (PROPOSED epithet)","★","Champion","Draft (playable, not yet balance-tested in a deck)","Tier III · Elite","Riftborn","Artillerist","4","4","3","Reach","","When Captain Blacktide defeats a champion on your turn, return a Relic from your Fallen pile to your hand.","","Toll's due, landlubber.","Crownfall voice line (recruited)","His ship wedged in a rift above a Guardian’s treasure hoard. Canon look for this form: A dimensional pirate captain with a hand cannon.","PROPOSED Set 2 scene + Crownfall star-form description","set2/champions/blacktide/star_1.png",""
"S2-071","blacktide@2-2","Captain Blacktide","Plunderer of the Vault (PROPOSED epithet)","★★","Ascension","Draft (playable, not yet balance-tested in a deck)","Tier III · Elite","Riftborn","Artillerist","↑1","7","6","Reach","","Attack: Scorch 1 each rival champion. When Captain Blacktide defeats a champion on your turn, return a Relic from your Fallen pile to your hand.","","Crew, to the cannons!","Crownfall (same line as Set 1 — no unused canon line left; studio may replace)","His ship wedged in a rift above a Guardian’s treasure hoard. Canon look for this form: A spectral crew appears behind him; his coat drips seawater from nowhere.","PROPOSED Set 2 scene + Crownfall star-form description","set2/champions/blacktide/star_2.png",""
"S2-072","blacktide@2-3","Captain Blacktide","Plunderer of the Vault (PROPOSED epithet)","★★★","Ascension","Draft (playable, not yet balance-tested in a deck)","Tier III · Elite","Riftborn","Artillerist","↑2","10","9","Reach","","Ascend: Attach a Relic costing 4 or less from your hand to Captain Blacktide for free. Attack: Scorch 2 each rival champion.","Breaks 2 shards","Plunder!","Crownfall (same line as Set 1 — no unused canon line left; studio may replace)","His ship wedged in a rift above a Guardian’s treasure hoard. Canon look for this form: A ghost galleon's figurehead rises behind him as he fires.","PROPOSED Set 2 scene + Crownfall star-form description","set2/champions/blacktide/star_3.png",""
"S2-073","aurelia@2","Aurelia","Commander of the Descent (PROPOSED epithet)","★","Champion","Starter deck: Vault Delvers (playtested)","Tier III · Elite","Kingdom","Commander","4","3","5","","","Your other Kingdom champions have +1 Might.","","Rally to me!","Crownfall voice line (recruited)","Leading the Kingdom’s banners down the great stair beneath the Arena. Canon look for this form: A royal battle commander in blue and gold.","PROPOSED Set 2 scene + Crownfall star-form description","set2/champions/aurelia/star_1.png",""
"S2-074","aurelia@2-2","Aurelia","Commander of the Descent (PROPOSED epithet)","★★","Ascension","Starter deck: Vault Delvers (playtested)","Tier III · Elite","Kingdom","Commander","↑1","6","7","","","Your other Kingdom champions have +1 Might and +1 Guard.","","For the realm!","Crownfall (same line as Set 1 — no unused canon line left; studio may replace)","Leading the Kingdom’s banners down the great stair beneath the Arena. Canon look for this form: A standard bearer marches behind her; her circlet glows.","PROPOSED Set 2 scene + Crownfall star-form description","set2/champions/aurelia/star_2.png",""
"S2-075","aurelia@2-3","Aurelia","Commander of the Descent (PROPOSED epithet)","★★★","Ascension","Starter deck: Vault Delvers (playtested)","Tier III · Elite","Kingdom","Commander","↑2","9","10","","","Ascend: Ready another champion you control. Your other Kingdom champions have +2 Might and +1 Guard.","Breaks 2 shards","Victory for the Crown.","Crownfall (same line as Set 1 — no unused canon line left; studio may replace)","Leading the Kingdom’s banners down the great stair beneath the Arena. Canon look for this form: Crowned in light, her banner becomes a column of gold.","PROPOSED Set 2 scene + Crownfall star-form description","set2/champions/aurelia/star_3.png",""
"S2-076","knuckle@2","Knuckle","King Under the Pit (PROPOSED epithet)","★","Champion","Starter deck: Vault Delvers (playtested)","Tier III · Elite","Titanborn","Bruiser","4","5","5","","","+2 Guard while Knuckle holds a Relic.","","Surface fighters. Cute.","Crownfall voice line (recruited)","Seated on a throne of Guardian bones in the deepest fighting pit. Canon look for this form: An enormous stone pit fighter with taped fists.","PROPOSED Set 2 scene + Crownfall star-form description","set2/champions/knuckle/star_1.png",""
"S2-077","knuckle@2-2","Knuckle","King Under the Pit (PROPOSED epithet)","★★","Ascension","Draft (playable, not yet balance-tested in a deck)","Tier III · Elite","Titanborn","Bruiser","↑1","8","8","","","+2 Might and +2 Guard while Knuckle holds a Relic.","","Champion of two worlds.","Crownfall (same line as Set 1 — no unused canon line left; studio may replace)","Seated on a throne of Guardian bones in the deepest fighting pit. Canon look for this form: Championship belts and cracks of gold in his granite skin.","PROPOSED Set 2 scene + Crownfall star-form description","set2/champions/knuckle/star_2.png",""
"S2-078","knuckle@2-3","Knuckle","King Under the Pit (PROPOSED epithet)","★★★","Ascension","Draft (playable, not yet balance-tested in a deck)","Tier III · Elite","Titanborn","Bruiser","↑2","12","11","Bulwark","","+2 Might and +2 Guard while Knuckle holds a Relic. Block: The attacker gets −3 Might this turn.","Breaks 2 shards","Next!","Crownfall (same line as Set 1 — no unused canon line left; studio may replace)","Seated on a throne of Guardian bones in the deepest fighting pit. Canon look for this form: A living landslide with fists like siege rams.","PROPOSED Set 2 scene + Crownfall star-form description","set2/champions/knuckle/star_3.png",""
"S2-079","zyrak@2","Zyrak","Shard of the Broken Vault (PROPOSED epithet)","★","Champion","Draft (playable, not yet balance-tested in a deck)","Tier III · Elite","Riftborn","Arcanist","4","2","3","Flight","","Arrival: Mend 1.","","* refracts politely *","Crownfall voice line (recruited)","Humming among shattered vault crystals, each one a piece of the Lattice. Canon look for this form: A crystal alien with a floating prism.","PROPOSED Set 2 scene + Crownfall star-form description","set2/champions/zyrak/star_1.png",""
"S2-080","zyrak@2-2","Zyrak","Shard of the Broken Vault (PROPOSED epithet)","★★","Ascension","Draft (playable, not yet balance-tested in a deck)","Tier III · Elite","Riftborn","Arcanist","↑1","5","6","Flight","","Ascend: Scorch 2 each rival champion.","","* shines brighter *","Crownfall (same line as Set 1 — no unused canon line left; studio may replace)","Humming among shattered vault crystals, each one a piece of the Lattice. Canon look for this form: More facets, more light; a halo of crystal shards.","PROPOSED Set 2 scene + Crownfall star-form description","set2/champions/zyrak/star_2.png",""
"S2-081","zyrak@2-3","Zyrak","Shard of the Broken Vault (PROPOSED epithet)","★★★","Ascension","Draft (playable, not yet balance-tested in a deck)","Tier III · Elite","Riftborn","Arcanist","↑2","8","9","Flight","","Ascend: Scorch 3 each rival champion, then Mend 1.","Breaks 2 shards","* hums in triumph *","Crownfall (same line as Set 1 — no unused canon line left; studio may replace)","Humming among shattered vault crystals, each one a piece of the Lattice. Canon look for this form: A walking cathedral of prisms refracting impossible colours.","PROPOSED Set 2 scene + Crownfall star-form description","set2/champions/zyrak/star_3.png",""
"S2-082","astryon@2","Astryon","Blade That Fell Beneath (PROPOSED epithet)","★","Champion","Draft (playable, not yet balance-tested in a deck)","Tier IV · Epic","Astral","Duelist","5","6","4","Flight","","+2 Might while Astryon holds a Relic.","","The eighth star awaits.","Crownfall voice line (recruited)","Seven blades orbiting him in the dark like fallen stars. Canon look for this form: A silver celestial swordsman.","PROPOSED Set 2 scene + Crownfall star-form description","set2/champions/astryon/star_1.png",""
"S2-083","astryon@2-2","Astryon","Blade That Fell Beneath (PROPOSED epithet)","★★","Ascension","Draft (playable, not yet balance-tested in a deck)","Tier IV · Epic","Astral","Duelist","↑1","9","7","Flight","","+2 Might while Astryon holds a Relic. When Astryon defeats a champion on your turn, draw a card.","","Another star cut down.","Crownfall voice line (victory)","Seven blades orbiting him in the dark like fallen stars. Canon look for this form: Gold-and-white armour; two celestial blades float at his back and constellations trail his strikes.","PROPOSED Set 2 scene + Crownfall star-form description","set2/champions/astryon/star_2.png",""
"S2-084","astryon@2-3","Astryon","Blade That Fell Beneath (PROPOSED epithet)","★★★","Ascension","Draft (playable, not yet balance-tested in a deck)","Tier IV · Epic","Astral","Duelist","↑2","13","10","Flight","","+2 Might while Astryon holds a Relic. Once per turn, when Astryon defeats a champion on your turn, ready Astryon.","Breaks 2 shards","Seven stars — fall!","Crownfall (same line as Set 1 — no unused canon line left; studio may replace)","Seven blades orbiting him in the dark like fallen stars. Canon look for this form: Cosmic armour, six spectral swords orbiting him and a starfield aura. His ultimate turns the arena to space.","PROPOSED Set 2 scene + Crownfall star-form description","set2/champions/astryon/star_3.png",""
"S2-085","vespera@2","Queen Vespera","Empress of the Underhalls (PROPOSED epithet)","★","Champion","Draft (playable, not yet balance-tested in a deck)","Tier IV · Epic","Umbral","Summoner","4","3","4","","","Arrival: Summon a Court Shade. Your other Umbral champions have +1 Might.","","Court is in session.","Crownfall voice line (recruited)","Holding court in a vast underground throne room of shadow. Canon look for this form: A pale shadow monarch on invisible stairs.","PROPOSED Set 2 scene + Crownfall star-form description","set2/champions/vespera/star_1.png",""
"S2-086","vespera@2-2","Queen Vespera","Empress of the Underhalls (PROPOSED epithet)","★★","Ascension","Draft (playable, not yet balance-tested in a deck)","Tier IV · Epic","Umbral","Summoner","↑1","6","7","","","Ascend: Summon two Court Shades. Your other Umbral champions have +1 Might.","","Dismissed.","Crownfall voice line (victory)","Holding court in a vast underground throne room of shadow. Canon look for this form: Her train becomes a river of shadow courtiers.","PROPOSED Set 2 scene + Crownfall star-form description","set2/champions/vespera/star_2.png",""
"S2-087","vespera@2-3","Queen Vespera","Empress of the Underhalls (PROPOSED epithet)","★★★","Ascension","Draft (playable, not yet balance-tested in a deck)","Tier IV · Epic","Umbral","Summoner","↑2","9","10","","","Ascend: Summon two Court Shades. Your other champions have +1 Might.","Breaks 2 shards","Rise, my court!","Crownfall (same line as Set 1 — no unused canon line left; studio may replace)","Holding court in a vast underground throne room of shadow. Canon look for this form: A throne of night rises behind her; her crown is an eclipse.","PROPOSED Set 2 scene + Crownfall star-form description","set2/champions/vespera/star_3.png",""
"S2-088","titanrho@2","Titan Rho","Vault Bastion (PROPOSED epithet)","★","Champion","Starter deck: Vault Delvers (playtested)","Tier IV · Epic","Gearbound","Warden","5","3","8","Bulwark","","Arrival: Attach a Relic costing 3 or less from your hand to Titan Rho for free.","","City status: unknown. Defending anyway.","Crownfall voice line (recruited)","Its fortress body sealing a vault gate deep beneath the Arena. Canon look for this form: An enormous ancient war machine on tread-legs.","PROPOSED Set 2 scene + Crownfall star-form description","set2/champions/titanrho/star_1.png",""
"S2-089","titanrho@2-2","Titan Rho","Vault Bastion (PROPOSED epithet)","★★","Ascension","Draft (playable, not yet balance-tested in a deck)","Tier IV · Epic","Gearbound","Warden","↑1","6","11","Bulwark, Reach","","+2 Guard while Titan Rho holds a Relic. Your other champions have +1 Guard.","","Perimeter held.","Crownfall voice line (victory)","Its fortress body sealing a vault gate deep beneath the Arena. Canon look for this form: Fold-out cannon towers and a reactor crown.","PROPOSED Set 2 scene + Crownfall star-form description","set2/champions/titanrho/star_2.png",""
"S2-090","titanrho@2-3","Titan Rho","Vault Bastion (PROPOSED epithet)","★★★","Ascension","Draft (playable, not yet balance-tested in a deck)","Tier IV · Epic","Gearbound","Warden","↑2","9","14","Bulwark, Reach","","Ascend: Shield each champion you control. Your other champions have +1 Guard.","Breaks 2 shards","Fortress mode.","Crownfall (same line as Set 1 — no unused canon line left; studio may replace)","Its fortress body sealing a vault gate deep beneath the Arena. Canon look for this form: A walking citadel with a garrison of tiny brass drones.","PROPOSED Set 2 scene + Crownfall star-form description","set2/champions/titanrho/star_3.png",""
"S2-091","pyrax@2","Pyrax","Wyrm of the Deep Forge (PROPOSED epithet)","★","Champion","Draft (playable, not yet balance-tested in a deck)","Tier IV · Epic","Elemental","Bruiser","4","5","4","","","Arrival: Scorch 1 each rival champion.","","Grandmother would be proud.","Crownfall voice line (recruited)","Breathing fire across a molten forge-cavern, relic armour glowing on her scales. Canon look for this form: A dragon-blooded warrior with ember scales on her arms.","PROPOSED Set 2 scene + Crownfall star-form description","set2/champions/pyrax/star_1.png",""
"S2-092","pyrax@2-2","Pyrax","Wyrm of the Deep Forge (PROPOSED epithet)","★★","Ascension","Draft (playable, not yet balance-tested in a deck)","Tier IV · Epic","Elemental","Bruiser","↑1","8","8","","","+2 Might while Pyrax holds a Relic. Attack: Scorch 1 each rival champion.","","Scorched.","Crownfall voice line (victory)","Breathing fire across a molten forge-cavern, relic armour glowing on her scales. Canon look for this form: Horns and a burning tail; half her body is scaled.","PROPOSED Set 2 scene + Crownfall star-form description","set2/champions/pyrax/star_2.png",""
"S2-093","pyrax@2-3","Pyrax","Wyrm of the Deep Forge (PROPOSED epithet)","★★★","Ascension","Draft (playable, not yet balance-tested in a deck)","Tier IV · Epic","Elemental","Bruiser","↑2","11","11","","","Ascend: Scorch 2 each rival champion. Attack: Scorch 2 the defender.","Breaks 2 shards","Breathe fire!","Crownfall (same line as Set 1 — no unused canon line left; studio may replace)","Breathing fire across a molten forge-cavern, relic armour glowing on her scales. Canon look for this form: She becomes a dragon in all but wings, and the wings are coming.","PROPOSED Set 2 scene + Crownfall star-form description","set2/champions/pyrax/star_3.png",""
"S2-094","elysian@2","Elysian","Light of the Lost Halls (PROPOSED epithet)","★","Champion","Draft (playable, not yet balance-tested in a deck)","Tier IV · Epic","Astral","Mystic","5","3","6","Flight","","Arrival: Return a ★ champion from your Fallen pile to your hand.","","No one dies today.","Crownfall voice line (recruited)","Descending into the forgotten halls to lift the fallen back to their feet. Canon look for this form: A serene celestial healer with feathered wings.","PROPOSED Set 2 scene + Crownfall star-form description","set2/champions/elysian/star_1.png",""
"S2-095","elysian@2-2","Elysian","Light of the Lost Halls (PROPOSED epithet)","★★","Ascension","Draft (playable, not yet balance-tested in a deck)","Tier IV · Epic","Astral","Mystic","↑1","6","9","Flight","","Ascend: Deploy a ★ champion costing 3 or less from your Fallen pile for free.","","All of you, safe.","Crownfall voice line (victory)","Descending into the forgotten halls to lift the fallen back to their feet. Canon look for this form: A second pair of wings and a halo of script.","PROPOSED Set 2 scene + Crownfall star-form description","set2/champions/elysian/star_2.png",""
"S2-096","elysian@2-3","Elysian","Light of the Lost Halls (PROPOSED epithet)","★★★","Ascension","Draft (playable, not yet balance-tested in a deck)","Tier IV · Epic","Astral","Mystic","↑2","9","12","Flight","","Ascend: Deploy a ★ champion costing 4 or less from your Fallen pile for free. Shield each champion you control.","Breaks 2 shards","Not yet — live!","Crownfall (same line as Set 1 — no unused canon line left; studio may replace)","Descending into the forgotten halls to lift the fallen back to their feet. Canon look for this form: A seraph of the firmament; her wings are made of dawn.","PROPOSED Set 2 scene + Crownfall star-form description","set2/champions/elysian/star_3.png",""
"S2-097","varr@2","General Varr","Holder of the Gate (PROPOSED epithet)","★","Champion","Starter deck: Vault Delvers (playtested)","Tier IV · Epic","Kingdom","Commander · Vanguard","5","4","6","Bulwark","","Your other Kingdom champions have +1 Might.","","Form up!","Crownfall voice line (recruited)","Holding the last gate between the Arena and what lies beneath. Canon look for this form: A grizzled kingdom commander with a tower shield.","PROPOSED Set 2 scene + Crownfall star-form description","set2/champions/varr/star_1.png",""
"S2-098","varr@2-2","General Varr","Holder of the Gate (PROPOSED epithet)","★★","Ascension","Draft (playable, not yet balance-tested in a deck)","Tier IV · Epic","Kingdom","Commander · Vanguard","↑1","7","9","Bulwark","","Your other Kingdom champions have +1 Might and +1 Guard. Block: The attacker gets −2 Might this turn.","","Line held.","Crownfall voice line (victory)","Holding the last gate between the Arena and what lies beneath. Canon look for this form: Medals of every war and a banner-spear.","PROPOSED Set 2 scene + Crownfall star-form description","set2/champions/varr/star_2.png",""
"S2-099","varr@2-3","General Varr","Holder of the Gate (PROPOSED epithet)","★★★","Ascension","Draft (playable, not yet balance-tested in a deck)","Tier IV · Epic","Kingdom","Commander · Vanguard","↑2","10","12","Bulwark","","Ascend: Shield each champion you control. Your other Kingdom champions have +2 Might and +1 Guard.","Breaks 2 shards","Hold the line!","Crownfall (same line as Set 1 — no unused canon line left; studio may replace)","Holding the last gate between the Arena and what lies beneath. Canon look for this form: A legend of the line, flanked by phantom shieldbearers.","PROPOSED Set 2 scene + Crownfall star-form description","set2/champions/varr/star_3.png",""
"S2-100","veilwalker@2","Veilwalker","The Rift Below (PROPOSED epithet)","★","Champion","Draft (playable, not yet balance-tested in a deck)","Tier IV · Epic","Riftborn","Assassin","4","6","3","Flight, Ambush","","Attack: Scorch 1 the defender.","","* the air tears open *","Crownfall voice line (recruited)","Stepping out of a tear in the cavern air behind a Guardian. Canon look for this form: A living dimensional anomaly in a tattered shape.","PROPOSED Set 2 scene + Crownfall star-form description","set2/champions/veilwalker/star_1.png",""
"S2-101","veilwalker@2-2","Veilwalker","The Rift Below (PROPOSED epithet)","★★","Ascension","Draft (playable, not yet balance-tested in a deck)","Tier IV · Epic","Riftborn","Assassin","↑1","9","6","Flight, Ambush","","Attack: Scorch 2 the defender. When Veilwalker defeats a champion on your turn, draw a card.","","* closes *","Crownfall voice line (victory)","Stepping out of a tear in the cavern air behind a Guardian. Canon look for this form: Its edges tear into other skies.","PROPOSED Set 2 scene + Crownfall star-form description","set2/champions/veilwalker/star_2.png",""
"S2-102","veilwalker@2-3","Veilwalker","The Rift Below (PROPOSED epithet)","★★★","Ascension","Draft (playable, not yet balance-tested in a deck)","Tier IV · Epic","Riftborn","Assassin","↑2","13","8","Flight, Ambush","","Attack: Scorch 2 the defender. Once per turn, when Veilwalker defeats a champion on your turn, ready Veilwalker.","Breaks 2 shards","Between here — and there.","Crownfall (same line as Set 1 — no unused canon line left; studio may replace)","Stepping out of a tear in the cavern air behind a Guardian. Canon look for this form: A hole in the world holding a blade.","PROPOSED Set 2 scene + Crownfall star-form description","set2/champions/veilwalker/star_3.png",""
"S2-103","gaia@2","Gaia Prime","Root of the Arena (PROPOSED epithet)","★","Champion","Draft (playable, not yet balance-tested in a deck)","Tier IV · Epic","Verdant","Warden","5","3","7","Bulwark","","Arrival: Summon two Treants.","","I remember who built this place.","Crownfall voice line (recruited)","Her roots wrapped around the Arena’s foundations far below the sand. Canon look for this form: An ancient living tree titan.","PROPOSED Set 2 scene + Crownfall star-form description","set2/champions/gaia/star_1.png",""
"S2-104","gaia@2-2","Gaia Prime","Root of the Arena (PROPOSED epithet)","★★","Ascension","Draft (playable, not yet balance-tested in a deck)","Tier IV · Epic","Verdant","Warden","↑1","6","10","Bulwark","","Your other Verdant champions have +1 Might and +1 Guard.","","Grow.","Crownfall voice line (victory)","Her roots wrapped around the Arena’s foundations far below the sand. Canon look for this form: Blossoms and a canopy crown; birds nest in her shoulders.","PROPOSED Set 2 scene + Crownfall star-form description","set2/champions/gaia/star_2.png",""
"S2-105","gaia@2-3","Gaia Prime","Root of the Arena (PROPOSED epithet)","★★★","Ascension","Draft (playable, not yet balance-tested in a deck)","Tier IV · Epic","Verdant","Warden","↑2","9","13","Bulwark","","Ascend: Summon two Treants. Your other champions have +1 Guard.","Breaks 2 shards","Worldroot!","Crownfall (same line as Set 1 — no unused canon line left; studio may replace)","Her roots wrapped around the Arena’s foundations far below the sand. Canon look for this form: A walking forest; the ground turns green where she stands.","PROPOSED Set 2 scene + Crownfall star-form description","set2/champions/gaia/star_3.png",""
"S2-106","ladyvolt@2","Lady Volt","Storm in the Deep (PROPOSED epithet)","★","Champion","Draft (playable, not yet balance-tested in a deck)","Tier IV · Epic","Voltborn","Duelist","4","5","3","Charge","","+2 Might while Lady Volt holds a Relic.","","Shall we duel?","Crownfall voice line (recruited)","Lightning arcing off flooded cavern walls as she duels in the dark. Canon look for this form: An elite lightning duelist with a rapier.","PROPOSED Set 2 scene + Crownfall star-form description","set2/champions/ladyvolt/star_1.png",""
"S2-107","ladyvolt@2-2","Lady Volt","Storm in the Deep (PROPOSED epithet)","★★","Ascension","Draft (playable, not yet balance-tested in a deck)","Tier IV · Epic","Voltborn","Duelist","↑1","8","6","Charge","","Attack: Scorch 1 each rival champion. +2 Might while Lady Volt holds a Relic.","","Touché.","Crownfall voice line (victory)","Lightning arcing off flooded cavern walls as she duels in the dark. Canon look for this form: Storm-silver armour; her hair crackles.","PROPOSED Set 2 scene + Crownfall star-form description","set2/champions/ladyvolt/star_2.png",""
"S2-108","ladyvolt@2-3","Lady Volt","Storm in the Deep (PROPOSED epithet)","★★★","Ascension","Draft (playable, not yet balance-tested in a deck)","Tier IV · Epic","Voltborn","Duelist","↑2","12","9","Charge","","Your other Voltborn champions have +1 Might. Once per turn, when Lady Volt defeats a champion on your turn, ready Lady Volt.","Breaks 2 shards","Thunderstep!","Crownfall (same line as Set 1 — no unused canon line left; studio may replace)","Lightning arcing off flooded cavern walls as she duels in the dark. Canon look for this form: She is lightning with a sword; thunder arrives a heartbeat after her.","PROPOSED Set 2 scene + Crownfall star-form description","set2/champions/ladyvolt/star_3.png",""
"S2-109","vessimer@2","Vessimer","Alchemist of Relics (PROPOSED epithet)","★","Champion","Draft (playable, not yet balance-tested in a deck)","Tier IV · Epic","Hexbound","Saboteur","4","3","4","","","Arrival: Return a Relic from your Fallen pile to your hand. Draw a card.","","A new experiment!","Crownfall voice line (recruited)","Dissolving a relic into a bubbling tincture in a hidden laboratory. Canon look for this form: A masked chemist with a bandolier of vials.","PROPOSED Set 2 scene + Crownfall star-form description","set2/champions/vessimer/star_1.png",""
"S2-110","vessimer@2-2","Vessimer","Alchemist of Relics (PROPOSED epithet)","★★","Ascension","Draft (playable, not yet balance-tested in a deck)","Tier IV · Epic","Hexbound","Saboteur","↑1","6","7","","","Ascend: Attach a Relic costing 3 or less from your hand to Vessimer for free. Scorch 2 a rival champion.","","Results: conclusive.","Crownfall voice line (victory)","Dissolving a relic into a bubbling tincture in a hidden laboratory. Canon look for this form: Brass apparatus hisses on his back.","PROPOSED Set 2 scene + Crownfall star-form description","set2/champions/vessimer/star_2.png",""
"S2-111","vessimer@2-3","Vessimer","Alchemist of Relics (PROPOSED epithet)","★★★","Ascension","Draft (playable, not yet balance-tested in a deck)","Tier IV · Epic","Hexbound","Saboteur","↑2","9","10","","","Ascend: Scorch 2 each rival champion. Return a Relic from your Fallen pile to your hand.","Breaks 2 shards","Tinctures — away!","Crownfall (same line as Set 1 — no unused canon line left; studio may replace)","Dissolving a relic into a bubbling tincture in a hidden laboratory. Canon look for this form: A mobile laboratory of floating flasks and glowing tubes.","PROPOSED Set 2 scene + Crownfall star-form description","set2/champions/vessimer/star_3.png",""
"S2-112","aurex@2","Aurex","Bane of the Guardians (PROPOSED epithet)","★","Champion","Draft (playable, not yet balance-tested in a deck)","Tier V · Mythic","Wyrmblood","Ascendant · Bruiser","6","7","7","Ascendant","","Arrival: Scorch 2 each rival champion. +2 Might while Aurex holds a Relic.","","The last dragon answers.","Crownfall voice line (recruited)","The last dragon in the Guardians’ lair, a fallen Guardian beneath his claws. Canon look for this form: A massive dragon warrior.","PROPOSED Set 2 scene + Crownfall star-form description","set2/champions/aurex/star_1.png",""
"S2-113","aurex@2-2","Aurex","Bane of the Guardians (PROPOSED epithet)","★★","Ascension","Draft (playable, not yet balance-tested in a deck)","Tier V · Mythic","Wyrmblood","Ascendant · Bruiser","↑2","9","9","Ascendant, Flight","","Attack: Scorch 3 the defender. +2 Might while Aurex holds a Relic.","","Worth it? Perhaps.","Crownfall voice line (victory)","The last dragon in the Guardians’ lair, a fallen Guardian beneath his claws. Canon look for this form: Molten armour grows over his wings; fire leaks from every seam.","PROPOSED Set 2 scene + Crownfall star-form description","set2/champions/aurex/star_2.png",""
"S2-114","aurex@2-3","Aurex","Bane of the Guardians (PROPOSED epithet)","★★★","Ascension","Draft (playable, not yet balance-tested in a deck)","Tier V · Mythic","Wyrmblood","Ascendant · Bruiser","↑3","13","12","Ascendant, Flight","","Ascend: Scorch 4 each rival champion. Your other champions can’t attack this turn.","Breaks 2 shards","Let the world burn!","Crownfall (same line as Set 1 — no unused canon line left; studio may replace)","The last dragon in the Guardians’ lair, a fallen Guardian beneath his claws. Canon look for this form: A full celestial dragon. The sky turns red and flames surround the arena.","PROPOSED Set 2 scene + Crownfall star-form description","set2/champions/aurex/star_3.png",""
"S2-115","noctara@2","Noctara","Shadow Beneath the Crown (PROPOSED epithet)","★","Champion","Draft (playable, not yet balance-tested in a deck)","Tier V · Mythic","Umbral","Ascendant · Arcanist","6","6","7","Ascendant","","Arrival: Each rival champion gets −2 Might this turn. Your other Umbral champions have +1 Might.","","All things end in me.","Crownfall voice line (recruited)","A black hole opening in the cavern ceiling directly beneath the Crown. Canon look for this form: An empress robed in the space between stars.","PROPOSED Set 2 scene + Crownfall star-form description","set2/champions/noctara/star_1.png",""
"S2-116","noctara@2-2","Noctara","Shadow Beneath the Crown (PROPOSED epithet)","★★","Ascension","Draft (playable, not yet balance-tested in a deck)","Tier V · Mythic","Umbral","Ascendant · Arcanist","↑2","8","10","Ascendant, Flight","","Ascend: Defeat each rival champion with Guard 2 or less.","","Nothing remains.","Crownfall voice line (victory)","A black hole opening in the cavern ceiling directly beneath the Crown. Canon look for this form: Her crown becomes an eclipse; small voids orbit her.","PROPOSED Set 2 scene + Crownfall star-form description","set2/champions/noctara/star_2.png",""
"S2-117","noctara@2-3","Noctara","Shadow Beneath the Crown (PROPOSED epithet)","★★★","Ascension","Draft (playable, not yet balance-tested in a deck)","Tier V · Mythic","Umbral","Ascendant · Arcanist","↑3","12","13","Ascendant, Flight","","Ascend: Defeat each rival champion with Guard 3 or less. Your other Umbral champions have +2 Might.","Breaks 2 shards","Be unmade.","Crownfall (same line as Set 1 — no unused canon line left; studio may replace)","A black hole opening in the cavern ceiling directly beneath the Crown. Canon look for this form: She is a doorway to nothing. The battlefield becomes the void.","PROPOSED Set 2 scene + Crownfall star-form description","set2/champions/noctara/star_3.png",""
"S2-118","atlas@2","ATLAS-Ω","The Vault Engine (PROPOSED epithet)","★","Champion","Starter deck: Vault Delvers (playtested)","Tier V · Mythic","Gearbound","Ascendant · Warden","6","4","10","Ascendant, Bulwark","","Arrival: Attach a Relic costing 4 or less from your hand to ATLAS-Ω for free.","","Awaiting orders.","Crownfall voice line (recruited)","Woken in a sealed vault, relic weapons locking into its frame. Canon look for this form: A gigantic final-generation war machine.","PROPOSED Set 2 scene + Crownfall star-form description","set2/champions/atlas/star_1.png",""
"S2-119","atlas@2-2","ATLAS-Ω","The Vault Engine (PROPOSED epithet)","★★","Ascension","Starter deck: Vault Delvers (playtested)","Tier V · Mythic","Gearbound","Ascendant · Warden","↑2","7","13","Ascendant, Bulwark, Reach","","+3 Might while ATLAS-Ω holds a Relic. Your other Gearbound champions have +1 Guard.","","War ended. Again.","Crownfall voice line (victory)","Woken in a sealed vault, relic weapons locking into its frame. Canon look for this form: Shoulder cannons and a reactor halo.","PROPOSED Set 2 scene + Crownfall star-form description","set2/champions/atlas/star_2.png",""
"S2-120","atlas@2-3","ATLAS-Ω","The Vault Engine (PROPOSED epithet)","★★★","Ascension","Starter deck: Vault Delvers (playtested)","Tier V · Mythic","Gearbound","Ascendant · Warden","↑3","11","16","Ascendant, Bulwark, Reach","","+3 Might while ATLAS-Ω holds a Relic. Attack: Scorch 3 each rival champion.","Breaks 2 shards","Omega protocol engaged.","Crownfall (same line as Set 1 — no unused canon line left; studio may replace)","Woken in a sealed vault, relic weapons locking into its frame. Canon look for this form: A titan of the last war: a sun burns in its chest.","PROPOSED Set 2 scene + Crownfall star-form description","set2/champions/atlas/star_3.png",""
"S2-121","sol@2","Sol","Dawn Beneath the World (PROPOSED epithet)","★","Champion","Draft (playable, not yet balance-tested in a deck)","Tier V · Mythic","Dawnforged","Ascendant · Mystic","6","5","7","Ascendant","","Arrival: Mend 1.","","Before anything, there was me.","Crownfall voice line (recruited)","The first light rising inside the deepest cavern, turning the dark to gold. Canon look for this form: The first light given a body.","PROPOSED Set 2 scene + Crownfall star-form description","set2/champions/sol/star_1.png",""
"S2-122","sol@2-2","Sol","Dawn Beneath the World (PROPOSED epithet)","★★","Ascension","Draft (playable, not yet balance-tested in a deck)","Tier V · Mythic","Dawnforged","Ascendant · Mystic","↑2","8","10","Ascendant, Flight","","Ascend: Shield each champion you control. Your other Dawnforged champions have +1 Might.","","The light endures.","Crownfall voice line (victory)","The first light rising inside the deepest cavern, turning the dark to gold. Canon look for this form: A corona and four wings of light.","PROPOSED Set 2 scene + Crownfall star-form description","set2/champions/sol/star_2.png",""
"S2-123","sol@2-3","Sol","Dawn Beneath the World (PROPOSED epithet)","★★★","Ascension","Draft (playable, not yet balance-tested in a deck)","Tier V · Mythic","Dawnforged","Ascendant · Mystic","↑3","12","13","Ascendant, Flight","","Ascend: Shield each champion you control. Your champions get +3 Might this turn.","Breaks 2 shards","Let there be DAWN!","Crownfall (same line as Set 1 — no unused canon line left; studio may replace)","The first light rising inside the deepest cavern, turning the dark to gold. Canon look for this form: A miniature sun hangs above the arena.","PROPOSED Set 2 scene + Crownfall star-form description","set2/champions/sol/star_3.png",""
"S2-124","unwritten@2","The Unwritten King","Lord of the Buried Crown (PROPOSED epithet)","★","Champion","Starter deck: Guardians' Brood (playtested)","Tier V · Mythic","Hollow","Ascendant · Summoner","6","5","7","Ascendant","","Arrival: Deploy a ★ champion costing 3 or less from your Fallen pile for free.","","Remember my name.","Crownfall voice line (recruited)","Enthroned in a buried throne room, an erased crown upon his head. Canon look for this form: A skeletal king on a throne of shields.","PROPOSED Set 2 scene + Crownfall star-form description","set2/champions/unwritten/star_1.png",""
"S2-125","unwritten@2-2","The Unwritten King","Lord of the Buried Crown (PROPOSED epithet)","★★","Ascension","Starter deck: Guardians' Brood (playtested)","Tier V · Mythic","Hollow","Ascendant · Summoner","↑2","8","10","Ascendant","","Ascend: Summon two Fallen Warriors. Your other Hollow champions have +1 Might and +1 Guard.","","Write it down.","Crownfall voice line (victory)","Enthroned in a buried throne room, an erased crown upon his head. Canon look for this form: A spectral legion stands behind him.","PROPOSED Set 2 scene + Crownfall star-form description","set2/champions/unwritten/star_2.png",""
"S2-126","unwritten@2-3","The Unwritten King","Lord of the Buried Crown (PROPOSED epithet)","★★★","Ascension","Starter deck: Guardians' Brood (playtested)","Tier V · Mythic","Hollow","Ascendant · Summoner","↑3","12","13","Ascendant","","Ascend: Deploy up to two ★ champions costing 3 or less from your Fallen pile for free.","Breaks 2 shards","Legion — rise!","Crownfall (same line as Set 1 — no unused canon line left; studio may replace)","Enthroned in a buried throne room, an erased crown upon his head. Canon look for this form: He remembers his name, and the dead answer it.","PROPOSED Set 2 scene + Crownfall star-form description","set2/champions/unwritten/star_3.png",""
"S2-127","veyra@2","Veyra Sol","Hunter of Guardians (PROPOSED epithet)","★","Champion","Draft (playable, not yet balance-tested in a deck)","Tier V · Mythic","Riftborn","Ascendant · Assassin","6","8","5","Ascendant, Flight, Ambush","","Attack: Scorch 2 the defender.","","Every world has a back door.","Crownfall voice line (recruited)","Stepping through a portal onto a Guardian’s back, blade raised. Canon look for this form: A huntress with portal-rings on her wrists.","PROPOSED Set 2 scene + Crownfall star-form description","set2/champions/veyra/star_1.png",""
"S2-128","veyra@2-2","Veyra Sol","Hunter of Guardians (PROPOSED epithet)","★★","Ascension","Draft (playable, not yet balance-tested in a deck)","Tier V · Mythic","Riftborn","Ascendant · Assassin","↑2","11","8","Ascendant, Flight, Ambush","","When Veyra Sol defeats a champion on your turn, draw a card.","","Caught.","Crownfall voice line (victory)","Stepping through a portal onto a Guardian’s back, blade raised. Canon look for this form: Her cloak is a window into other worlds.","PROPOSED Set 2 scene + Crownfall star-form description","set2/champions/veyra/star_2.png",""
"S2-129","veyra@2-3","Veyra Sol","Hunter of Guardians (PROPOSED epithet)","★★★","Ascension","Draft (playable, not yet balance-tested in a deck)","Tier V · Mythic","Riftborn","Ascendant · Assassin","↑3","15","11","Ascendant, Flight, Ambush","","Attack: Scorch 3 the defender. Once per turn, when Veyra Sol defeats a champion on your turn, ready Veyra Sol.","Breaks 2 shards","Between worlds!","Crownfall (same line as Set 1 — no unused canon line left; studio may replace)","Stepping through a portal onto a Guardian’s back, blade raised. Canon look for this form: She exists in every reality at once, and all of them are hunting.","PROPOSED Set 2 scene + Crownfall star-form description","set2/champions/veyra/star_3.png",""
"S2-130","mother@2","Mother Verdant","Root of All Things (PROPOSED epithet)","★","Champion","Draft (playable, not yet balance-tested in a deck)","Tier V · Mythic","Verdant","Ascendant · Summoner","6","4","9","Ascendant","","Arrival: Summon two Wild Saplings.","","Come, my children.","Crownfall voice line (recruited)","The forest growing upward through the Arena’s foundations around her. Canon look for this form: The mother of forests, crowned in blossom.","PROPOSED Set 2 scene + Crownfall star-form description","set2/champions/mother/star_1.png",""
"S2-131","mother@2-2","Mother Verdant","Root of All Things (PROPOSED epithet)","★★","Ascension","Draft (playable, not yet balance-tested in a deck)","Tier V · Mythic","Verdant","Ascendant · Summoner","↑2","7","12","Ascendant","","Ascend: Summon two Wild Saplings. Your other Verdant champions have +1 Might and +1 Guard.","","Bloom again.","Crownfall voice line (victory)","The forest growing upward through the Arena’s foundations around her. Canon look for this form: Her train is a meadow; deer of light follow her.","PROPOSED Set 2 scene + Crownfall star-form description","set2/champions/mother/star_2.png",""
"S2-132","mother@2-3","Mother Verdant","Root of All Things (PROPOSED epithet)","★★★","Ascension","Draft (playable, not yet balance-tested in a deck)","Tier V · Mythic","Verdant","Ascendant · Summoner","↑3","10","15","Ascendant","","Ascend: Return up to two ★ champions from your Fallen pile to your hand. Shield each champion you control.","Breaks 2 shards","Life eternal!","Crownfall (same line as Set 1 — no unused canon line left; studio may replace)","The forest growing upward through the Arena’s foundations around her. Canon look for this form: A goddess of green whose every step is spring.","PROPOSED Set 2 scene + Crownfall star-form description","set2/champions/mother/star_3.png",""
"S2-133","crownless@2","Crownless","The Unbound (PROPOSED epithet)","★","Champion","Draft (playable, not yet balance-tested in a deck)","Tier V · Mythic","Crownless","Ascendant","6","7","7","Ascendant, Charge","","Arrival: Each rival champion gets −2 Might this turn.","","…","Crownfall voice line (recruited)","Standing in the empty vault where the Crown once rested, refusing it still. Canon look for this form: A figure in broken regalia whose face is hidden.","PROPOSED Set 2 scene + Crownfall star-form description","set2/champions/crownless/star_1.png",""
"S2-134","crownless@2-2","Crownless","The Unbound (PROPOSED epithet)","★★","Ascension","Draft (playable, not yet balance-tested in a deck)","Tier V · Mythic","Crownless","Ascendant","↑2","10","10","Ascendant, Charge, Flight","","Ascend: Ready Crownless.","","Still not taking it.","Crownfall voice line (victory)","Standing in the empty vault where the Crown once rested, refusing it still. Canon look for this form: Cracks of Crown-light spread through the armour.","PROPOSED Set 2 scene + Crownfall star-form description","set2/champions/crownless/star_2.png",""
"S2-135","crownless@2-3","Crownless","The Unbound (PROPOSED epithet)","★★★","Ascension","Draft (playable, not yet balance-tested in a deck)","Tier V · Mythic","Crownless","Ascendant","↑3","14","13","Ascendant, Charge, Flight, Ambush","","Ascend: Ready Crownless. Attack: Scorch 3 the defender.","Breaks 2 shards","I refuse your rules.","Crownfall (same line as Set 1 — no unused canon line left; studio may replace)","Standing in the empty vault where the Crown once rested, refusing it still. Canon look for this form: The Crown's own power, worn as a body. Reality fractures around him.","PROPOSED Set 2 scene + Crownfall star-form description","set2/champions/crownless/star_3.png",""
"S2-136","monster-mite","Crystal Mite","","","Monster","Starter deck: Guardians' Brood (playtested)","","","","1","1","2","","","When Crystal Mite is defeated, its rival draws a card.","","","None (no canon line)","A small crystal-backed creature skittering out of a cracked arena wall, glowing shards on its back.","PROPOSED (canonical unit, no visual description in canon)","set2/monsters/mite.png",""
"S2-137","monster-shardling","Shardling","","","Monster","Starter deck: Guardians' Brood (playtested)","","","","1","2","1","","","When Shardling is defeated, its rival gains 1 Command.","","","None (no canon line)","A jagged little shard creature hopping across broken crown fragments.","PROPOSED (canonical unit, no visual description in canon)","set2/monsters/shardling.png",""
"S2-138","monster-hound","Rift Hound","","","Monster","Starter deck: Guardians' Brood (playtested)","","","","2","2","2","Charge","","When Rift Hound is defeated, its rival draws a card.","","","None (no canon line)","A lean hound with rift-light leaking from its eyes, bursting through a tear in the air.","PROPOSED (canonical unit, no visual description in canon)","set2/monsters/hound.png",""
"S2-139","monster-alpha","Rift Alpha","","","Monster","Starter deck: Guardians' Brood (playtested)","","","","3","3","3","Charge","","Your other Monsters have +1 Might. When Rift Alpha is defeated, its rival draws a card.","","","None (no canon line)","The biggest Rift Hound at the head of a pack, rift-light streaming from its jaws.","PROPOSED (canonical unit, no visual description in canon)","set2/monsters/alpha.png",""
"S2-140","guardian-golem","Crystal Golem","","","Guardian","Starter deck: Vault Delvers (playtested)","","","","7","3","11","Guardian, Bulwark","Shatter Slam","Block: Each rival champion gets −2 Might this turn. When Crystal Golem is defeated, its rival draws 2 cards.","","The Crystal Golem. The ground remembers its weight.","Crownfall announcer line (Guardian round)","A towering crystal golem rising from the arena floor, ground cracking under each step.","PROPOSED (canonical unit, no visual description in canon)","set2/guardians/golem.png",""
"S2-141","guardian-spiderqueen","Void Spider Queen","","","Guardian","Starter deck: Guardians' Brood (playtested)","","","","6","4","7","Guardian","Brood Call","Arrival: Summon two Void Spiders. At the start of your turn, Summon a Void Spider. When Void Spider Queen is defeated, its rival draws 2 cards.","","The Void Spider Brood. They never stop coming.","Crownfall announcer line (Guardian round)","A huge void spider in a web of shadow across the arena ceiling, smaller spiders pouring from beneath her.","PROPOSED (canonical unit, no visual description in canon)","set2/guardians/spiderqueen.png",""
"S2-142","guardian-hydra","Clockwork Hydra","","","Guardian","Draft (playable, not yet balance-tested in a deck)","","","","7","6","8","Guardian","Steam Gout","Attack: Scorch 2 each rival champion. When Clockwork Hydra is defeated, Summon four Hydra Hatchlings.","","The Clockwork Hydra. Cut one head, and two return.","Crownfall announcer line (Guardian round)","A brass-and-steam clockwork hydra with many mechanical heads, gears and pistons exposed.","PROPOSED (canonical unit, no visual description in canon)","set2/guardians/hydra.png",""
"S2-143","guardian-treant","Ancient Treant","","","Guardian","Draft (playable, not yet balance-tested in a deck)","","","","6","3","10","Guardian, Bulwark","Forest Wrath","Block: The attacker gets −3 Might this turn. At the start of your turn, Shield Ancient Treant. When Ancient Treant is defeated, its rival draws 2 cards.","","The Ancient Treant. The forest heals itself.","Crownfall announcer line (Guardian round)","An ancient tree giant with moss-covered bark, roots tearing up the arena stones.","PROPOSED (canonical unit, no visual description in canon)","set2/guardians/treant.png",""
"S2-144","guardian-sentinel","Celestial Sentinel","","","Guardian","Draft (playable, not yet balance-tested in a deck)","","","","7","6","9","Guardian, Flight","Judgment Ray","Arrival: Shield Celestial Sentinel. Attack: Scorch 3 the defender. When Celestial Sentinel is defeated, its rival draws 2 cards.","","The Celestial Sentinel. The heavens refuse to fall.","Crownfall announcer line (Guardian round)","A radiant winged sentinel of starlight hovering over the arena, a beam of light in its hand.","PROPOSED (canonical unit, no visual description in canon)","set2/guardians/sentinel.png",""
"S2-145","guardian-guardian","Crown Guardian","","","Guardian","Draft (playable, not yet balance-tested in a deck)","","","","8","8","10","Guardian","Crownbreaker","+4 Might while you have fewer shards than your rival. Attack: Scorch 2 each rival champion. When Crown Guardian is defeated, its rival draws 2 cards.","","The Crown Guardian. The Crown defends itself.","Crownfall announcer line (Guardian round)","An armoured colossus wearing a broken crown, holding a great hammer over the arena.","PROPOSED (canonical unit, no visual description in canon)","set2/guardians/guardian.png",""
"S2-146","token-spiderling","Void Spider","","","Token","Token (made by other cards; not in decks)","","","","","1","1","Ambush","","","","","None (no canon line)","A single small void spider, shadowy and fast, mid-leap.","PROPOSED (canonical unit, no visual description in canon)","set2/tokens/spiderling.png",""
"S2-147","token-hydralet","Hydra Hatchling","","","Token","Token (made by other cards; not in decks)","","","","","2","2","","","","","","None (no canon line)","A small clockwork hydra hatchling, one brass head, sparks flying.","PROPOSED (canonical unit, no visual description in canon)","set2/tokens/hydralet.png",""
"S2-148","token-sapling","Wild Sapling","","","Token","Token (made by other cards; not in decks)","","","","","1","3","Bulwark","","","","","None (no canon line)","A wild sapling with a bark shield, standing firm in the arena dirt.","PROPOSED (canonical unit, no visual description in canon)","set2/tokens/sapling.png",""
"S2-149","token-construct","Guardian Construct","","","Token","Token (made by other cards; not in decks)","","","","","3","4","","","","","","None (no canon line)","A plain stone-and-crystal guardian construct, arms raised to block.","PROPOSED (canonical unit, no visual description in canon)","set2/tokens/construct.png",""
"S2-150","unbinding_charm","Unbinding Charm","","","Tactic","Starter deck: Vault Delvers (playtested)","","","","0","","","","","Return a Relic to its owner’s hand.","","","None yet","A silver charm unpicking the bindings of a relic.","PROPOSED","set2/spells/unbinding_charm.png",""
"S2-151","hex_war","Crown Hex: War","","","Tactic","Starter deck: Vault Delvers (playtested)","","","","2","","","","","Your champions get +2 Might this turn.","","","None yet","A golden hex blazing red beneath an army’s feet.","PROPOSED","set2/spells/hex_war.png",""
"S2-152","hex_fortune","Crown Hex: Fortune","","","Tactic","Draft (playable, not yet balance-tested in a deck)","","","","1","","","","","Shield a champion you control. Gain 2 Command.","","","None yet","A golden hex scattering coins and a glowing shield.","PROPOSED","set2/spells/hex_fortune.png",""
"S2-153","hex_creation","Crown Hex: Creation","","","Tactic","Draft (playable, not yet balance-tested in a deck)","","","","2","","","","","Summon two Crownlings.","","","None yet","A golden hex from which small crowned creatures spring.","PROPOSED","set2/spells/hex_creation.png",""
"S2-154","hex_void","Crown Hex: Void","","","Tactic","Draft (playable, not yet balance-tested in a deck)","","","","0","","","","","Break one of your own shards. Your champions get +3 Might this turn.","","","None yet","A golden hex cracking into violet void.","PROPOSED","set2/spells/hex_void.png",""
"S2-155","hex_evolution","Crown Hex: Evolution","","","Tactic","Draft (playable, not yet balance-tested in a deck)","","","","2","","","","","Ascend one of your ★ champions to ★★ for free.","","","None yet","A golden hex lifting a champion into its next form.","PROPOSED","set2/spells/hex_evolution.png",""
"S2-156","wild_encounter","Wild Encounter","","","Tactic","Starter deck: Guardians' Brood (playtested)","","","","2","","","","","Deploy a Monster costing 3 or less from your hand for free.","","","None yet","Wild monsters bursting from a cavern into the Arena.","PROPOSED","set2/spells/wild_encounter.png",""
"S2-157","boss_encounter","Boss Encounter","","","Tactic","Starter deck: Guardians' Brood (playtested)","","","","2","","","","","Your Monsters and Guardians get +2 Might and +2 Guard this turn. Draw a card.","","","None yet","A Guardian rising through the Arena floor as Sovereigns brace.","PROPOSED","set2/spells/boss_encounter.png",""
"S2-158","pack_leader","Pack Leader","","","Tactic","Starter deck: Guardians' Brood (playtested)","","","","1","","","","","Your Wildkin champions and Monsters get +2 Might this turn.","","","None yet","A Rift Alpha howling at the head of its pack.","PROPOSED","set2/spells/pack_leader.png",""
"S2-159","clash_of_sovereigns","Clash of Sovereigns","","","Tactic","Draft (playable, not yet balance-tested in a deck)","","","","2","","","","","Ready another champion you control. Your champions get +1 Might this turn.","","The Clash of Sovereigns begins.","Crownfall announcer line","Two Sovereigns’ banners crashing together over the Arena.","PROPOSED","set2/spells/clash_of_sovereigns.png",""
"S2-160","stirs_beneath","Something Stirs Beneath the Arena","","","Tactic","Starter deck: Guardians' Brood (playtested)","","","","1","","","","","Return a ★ champion from your Fallen pile to your hand. Draw a card.","","Something stirs beneath the Arena.","Crownfall announcer line","Cracks spreading across the Arena sand as something huge moves below.","PROPOSED","set2/spells/stirs_beneath.png",""
"S2-161","guardian_approaches","A Guardian Approaches","","","Tactic","Draft (playable, not yet balance-tested in a deck)","","","","2","","","","","Summon a Guardian Construct.","","A guardian approaches.","Crownfall announcer line","The silhouette of a Guardian Construct stepping out of a dark tunnel.","PROPOSED","set2/spells/guardian_approaches.png",""
"S2-162","guardian_falls","The Guardian Falls","","","Tactic","Draft (playable, not yet balance-tested in a deck)","","","","3","","","","","Defeat each rival champion with Guard 3 or less.","","The guardian falls.","Crownfall announcer line","A colossal Guardian toppling onto the Arena sand.","PROPOSED","set2/spells/guardian_falls.png",""
"S2-163","treasure_is_yours","Its Treasure Is Yours","","","Tactic","Starter deck: Vault Delvers (playtested)","","","","1","","","","","Return a Relic from your Fallen pile to your hand. Draw a card.","","Its treasure is yours.","Crownfall announcer line","A heap of relics spilling from a fallen Guardian’s chest.","PROPOSED","set2/spells/treasure_is_yours.png",""
"S2-164","arena_yields","The Arena Yields Its Prize","","","Tactic","Draft (playable, not yet balance-tested in a deck)","","","","2","","","","","Draw 2 cards. Gain 1 Command.","","The Arena yields its prize.","Crownfall announcer line","A golden chest rising from the Arena floor.","PROPOSED","set2/spells/arena_yields.png",""
"S2-165","vault_remembers","The Vault Remembers","","","Tactic","Starter deck: Vault Delvers (playtested)","","","","1","","","Shardfall","","Return a Relic from your Fallen pile to your hand.","","The Vault remembers this relic.","Crownfall announcer line","Relics re-forming on their pedestals in the Ascension Vault.","PROPOSED","set2/spells/vault_remembers.png",""
"S2-166","old_power","Old Power, Newly Yours","","","Tactic","Draft (playable, not yet balance-tested in a deck)","","","","1","","","","","Return a Relic from your Fallen pile to your hand. Gain 2 Command.","","A Crown Artifact. Old power, newly yours.","Crownfall announcer line","A champion lifting an ancient artifact, light pouring from it.","PROPOSED","set2/spells/old_power.png",""
"S2-167","vault_opens","The Ascension Vault Opens","","","Tactic","Draft (playable, not yet balance-tested in a deck)","","","","2","","","","","Draw 3 cards, then put a card from your hand on the bottom of your deck.","","The Ascension Vault opens.","Crownfall announcer line","The great doors of the Ascension Vault swinging open.","PROPOSED","set2/spells/vault_opens.png",""
"S2-168","wounded_choose","The Wounded Choose First","","","Tactic","Draft (playable, not yet balance-tested in a deck)","","","","1","","","Shardfall","","If you have fewer shards than your rival, draw 2 cards.","","The Crown Draft begins. The wounded choose first.","Crownfall announcer line","A battered Sovereign reaching first into the Vault.","PROPOSED","set2/spells/wounded_choose.png",""
"S2-169","crown_divided","The Crown Is Divided","","","Tactic","Draft (playable, not yet balance-tested in a deck)","","","","2","","","","","Mend 1. Draw a card.","","The Crown is divided. Come and claim your share.","Crownfall announcer line","Shards of the Crown hanging in the air above the Arena.","PROPOSED","set2/spells/crown_divided.png",""
"S2-170","guardian_enrages","The Guardian Enrages","","","Swift Tactic","Draft (playable, not yet balance-tested in a deck)","","","","1","","","","","A champion gets +4 Might this turn.","","The Guardian enrages.","Crownfall announcer line","The Crown Guardian’s eyes burning red as it enrages.","PROPOSED","set2/spells/guardian_enrages.png",""
"S2-171","head_splits","A Head Splits","","","Tactic","Draft (playable, not yet balance-tested in a deck)","","","","2","","","","","Summon two Hydra Hatchlings.","","A head splits.","Crownfall announcer line","A clockwork hydra head splitting into snapping hatchlings.","PROPOSED","set2/spells/head_splits.png",""
"S2-172","forged_in_fire","Even Crowns Are Forged in Fire","","","Tactic","Draft (playable, not yet balance-tested in a deck)","","","","2","","","","","Return a ★ champion and a Relic from your Fallen pile to your hand.","","Even crowns are forged in fire.","Crownfall announcer line","A crown glowing white-hot on an anvil.","PROPOSED","set2/spells/forged_in_fire.png",""
"S2-173","tide_will_turn","The Tide Will Turn","","","Tactic","Draft (playable, not yet balance-tested in a deck)","","","","0","","","","","If you have fewer shards than your rival, draw 2 cards.","","The tide will turn.","Crownfall announcer line","A wave of light rolling back across a losing battlefield.","PROPOSED","set2/spells/tide_will_turn.png",""
"S2-174","crown_in_danger","Your Crown Is in Danger","","","Tactic","Draft (playable, not yet balance-tested in a deck)","","","","2","","","","","If you have fewer shards than your rival, Mend 1.","","Your Crown is in danger.","Crownfall announcer line","A cracked Crown Shard glowing as it begins to mend.","PROPOSED","set2/spells/crown_in_danger.png",""
"S2-175","steel_will_answer","Steel Will Answer","","","Scheme","Starter deck: Vault Delvers (playtested)","","","","1","","","","","Spring when a rival champion attacks: it gets −3 Might this turn.","","Steel will answer.","Crownfall announcer line","A wall of raised steel meeting a charge.","PROPOSED","set2/spells/steel_will_answer.png",""
"S2-176","cannot_be_touched","It Cannot Be Touched","","","Scheme","Draft (playable, not yet balance-tested in a deck)","","","","1","","","","","Spring when one of your champions is attacked or blocks: Shield one of your champions.","","It cannot be touched. Wait.","Crownfall announcer line","A Celestial Sentinel wrapped in an untouchable golden shell.","PROPOSED","set2/spells/cannot_be_touched.png",""
"S2-177","one_still_stands","One Still Stands","","","Scheme","Starter deck: Guardians' Brood (playtested)","","","","1","","","","","Spring when one of your champions is attacked or blocks: it gets +2 Might and +2 Guard this turn.","","One still stands.","Crownfall announcer line","A lone champion standing amid the fallen.","PROPOSED","set2/spells/one_still_stands.png",""
"S2-178","keeps_treasure","The Guardian Keeps Its Treasure","","","Scheme","Draft (playable, not yet balance-tested in a deck)","","","","1","","","","","Spring when one of your champions is attacked or blocks: it gets +3 Guard this turn.","","The guardian keeps its treasure.","Crownfall announcer line","A Guardian curled around its hoard, refusing to yield.","PROPOSED","set2/spells/keeps_treasure.png",""
"S2-179","not_yet","Steady, Sovereign. Not Yet.","","","Scheme","Starter deck: Guardians' Brood (playtested)","","","","1","","","","","Spring when a rival champion attacks your Crown and is not blocked: that attack ends. No shards break.","","Steady, Sovereign. Not yet.","Crownfall announcer line","A Sovereign’s hand raised as an attack freezes mid-air.","PROPOSED","set2/spells/not_yet.png",""
"S2-180","relic-blade","Royal Blade","Component","","Relic","Starter deck: Vault Delvers (playtested)","","","","1","+2","","","","+2 Might.","","","None yet. Crownfall item for reference: “undefined”","A plain royal longsword on a velvet cushion in a vault.","PROPOSED","set2/relics/blade.png",""
"S2-181","relic-feather","Quicksteel Bow","Component","","Relic","Draft (playable, not yet balance-tested in a deck)","","","","1","","","Charge","","Charge.","","","None yet. Crownfall item for reference: “undefined”","A light silver bow that seems to hum in the hand.","PROPOSED","set2/relics/feather.png",""
"S2-182","relic-crystal","Arcane Ember","Component","","Relic","Draft (playable, not yet balance-tested in a deck)","","","","1","","","","","Attack: Scorch 1 the defender.","","","None yet. Crownfall item for reference: “undefined”","A floating ember of violet arcane fire.","PROPOSED","set2/relics/crystal.png",""
"S2-183","relic-tear","Crown Tear","Component","","Relic","Draft (playable, not yet balance-tested in a deck)","","","","2","","","","","At the start of your turn, gain 1 Command.","","","None yet. Crownfall item for reference: “undefined”","A single crystal tear fallen from the Crown, glowing gold.","PROPOSED","set2/relics/tear.png",""
"S2-184","relic-plate","Iron Plate","Component","","Relic","Starter deck: Vault Delvers (playtested)","","","","1","","+2","","","+2 Guard.","","","None yet. Crownfall item for reference: “undefined”","A dented iron breastplate on an armour stand.","PROPOSED","set2/relics/plate.png",""
"S2-185","relic-cloak","Warding Cloak","Component","","Relic","Draft (playable, not yet balance-tested in a deck)","","","","1","","+1","","","+1 Guard. Block: Scorch 1 the attacker.","","","None yet. Crownfall item for reference: “undefined”","A deep blue cloak stitched with warding runes.","PROPOSED","set2/relics/cloak.png",""
"S2-186","relic-core","Titan Heart","Component","","Relic","Draft (playable, not yet balance-tested in a deck)","","","","2","","+3","","","+3 Guard.","","","None yet. Crownfall item for reference: “undefined”","A slow-beating stone heart the size of a shield.","PROPOSED","set2/relics/core.png",""
"S2-187","relic-lens","Fate Gauntlet","Component","","Relic","Draft (playable, not yet balance-tested in a deck)","","","","1","+1","","Ambush","","+1 Might. Ambush.","","","None yet. Crownfall item for reference: “undefined”","A clawed gauntlet with a glowing lens set in the palm.","PROPOSED","set2/relics/lens.png",""
"S2-188","relic-colossus_edge","Colossus Edge","Completed","","Relic","Starter deck: Vault Delvers (playtested)","","","","2","+3","","","","+3 Might.","","","None yet. Crownfall item for reference: “Attacks deal bonus physical damage equal to 3% of the target's maximum health.”","A greatsword taller than its wielder, notched from felling giants.","PROPOSED","set2/relics/colossus_edge.png",""
"S2-189","relic-frenzy_fang","Crownreaper","Completed","","Relic","Draft (playable, not yet balance-tested in a deck)","","","","3","+1","","","","+1 Might. Once per turn, when the holder defeats a champion on your turn, ready it.","","","None yet. Crownfall item for reference: “Each attack grants 5% attack speed, stacking up to 10 times. Takedowns refresh the stacks to maximum. A second Crownreaper doubles it.”","A curved crimson blade that drinks the light around it.","PROPOSED","set2/relics/frenzy_fang.png",""
"S2-190","relic-spellforged","Spellforged Saber","Completed","","Relic","Draft (playable, not yet balance-tested in a deck)","","","","2","+1","","","","+1 Might. Attack: Scorch 1 each rival champion.","","","None yet. Crownfall item for reference: “Abilities can critically strike.”","A saber with runes burning along the edge.","PROPOSED","set2/relics/spellforged.png",""
"S2-191","relic-crownsworn","Crownsworn Blade","Completed","","Relic","Starter deck: Vault Delvers (playtested)","","","","2","+2","","","","+2 Might. When the holder defeats a champion on your turn, gain 1 Command.","","","None yet. Crownfall item for reference: “Deal 12% more damage. Gain 15 energy on takedown.”","A knight’s blade engraved with an oath to the Crown.","PROPOSED","set2/relics/crownsworn.png",""
"S2-192","relic-oathkeeper","Kingsblood Edge","Completed","","Relic","Draft (playable, not yet balance-tested in a deck)","","","","2","","+2","","","+2 Guard. Block: Shield the holder.","","","None yet. Crownfall item for reference: “The first time the holder drops below 40% health, gain a shield equal to 30% of max health for 5s.”","A royal sword whose blade bleeds a protective red light.","PROPOSED","set2/relics/oathkeeper.png",""
"S2-193","relic-veilpiercer","Veilpiercer","Completed","","Relic","Draft (playable, not yet balance-tested in a deck)","","","","2","+1","","","","+1 Might. Attack: Scorch 2 the defender.","","","None yet. Crownfall item for reference: “Attacks reduce the target's resistance by 35% for 4s.”","A needle-thin rapier that cuts through enchantments.","PROPOSED","set2/relics/veilpiercer.png",""
"S2-194","relic-bloodoath","Bloodoath Blade","Completed","","Relic","Starter deck: Guardians' Brood (playtested)","","","","3","+2","","","","+2 Might. When the holder defeats a champion on your turn, Shield it.","","","None yet. Crownfall item for reference: “Heal for 22% of all damage dealt.”","A black blade wrapped in red cloth soaked in an old oath.","PROPOSED","set2/relics/bloodoath.png",""
"S2-195","relic-deadeye","Deadeye Edge","Completed","","Relic","Draft (playable, not yet balance-tested in a deck)","","","","2","+2","","Ambush","","+2 Might. Ambush.","","","None yet. Crownfall item for reference: “Critical strikes deal much more damage.”","A sniper’s dagger with a crosshair etched on the blade.","PROPOSED","set2/relics/deadeye.png",""
"S2-196","relic-gale_talons","Tempest Engine","Completed","","Relic","Draft (playable, not yet balance-tested in a deck)","","","","3","+1","","Charge, Ambush","","+1 Might. Charge. Ambush.","","","None yet. Crownfall item for reference: “Gains 4% attack speed every second of combat (up to 60%). Every 5th attack strikes twice.”","A whirring clockwork bracer spinning with storm wind.","PROPOSED","set2/relics/gale_talons.png",""
"S2-197","relic-storm_engine","Storm Engine","Completed","","Relic","Draft (playable, not yet balance-tested in a deck)","","","","3","+1","","","","+1 Might. Attack: Scorch 1 each rival champion.","","","None yet. Crownfall item for reference: “Every third attack releases chain lightning dealing 70 magic damage to up to 3 enemies.”","A brass engine crackling with chained lightning.","PROPOSED","set2/relics/storm_engine.png",""
"S2-198","relic-chrono_band","Chrono Band","Completed","","Relic","Draft (playable, not yet balance-tested in a deck)","","","","2","+1","","Charge","","+1 Might. Charge.","","","None yet. Crownfall item for reference: “After casting, gain 40% attack speed for 3s.”","A wristband of turning hourglass gears.","PROPOSED","set2/relics/chrono_band.png",""
"S2-199","relic-resolute_buckler","Resolute Buckler","Completed","","Relic","Draft (playable, not yet balance-tested in a deck)","","","","2","","+2","","","+2 Guard. +2 Might while blocking.","","","None yet. Crownfall item for reference: “When hit, gain 2 armour and 2% attack speed, stacking up to 15 times.”","A battered buckler covered in the marks of every blow it stopped.","PROPOSED","set2/relics/resolute_buckler.png",""
"S2-200","relic-phase_mantle","Phase Mantle","Completed","","Relic","Draft (playable, not yet balance-tested in a deck)","","","","2","","+1","Flight","","+1 Guard. Flight.","","","None yet. Crownfall item for reference: “25% chance to dodge attacks.”","A shimmering mantle that blurs in and out of sight.","PROPOSED","set2/relics/phase_mantle.png",""
"S2-201","relic-quickened_heart","Quickened Heart","Completed","","Relic","Draft (playable, not yet balance-tested in a deck)","","","","2","+1","+2","","","+1 Might and +2 Guard.","","","None yet. Crownfall item for reference: “Attacks heal the holder for 2% of max health.”","A glowing heart-shaped amulet with a racing pulse.","PROPOSED","set2/relics/quickened_heart.png",""
"S2-202","relic-falconeye","Falconeye Bow","Completed","","Relic","Draft (playable, not yet balance-tested in a deck)","","","","2","","","Reach","","Reach. Attack: Scorch 2 a rival champion.","","","None yet. Crownfall item for reference: “Attacks also strike a second nearby enemy for 50% damage.”","A longbow with a falcon’s eye set in its grip.","PROPOSED","set2/relics/falconeye.png",""
"S2-203","relic-astral_diadem","Astral Diadem","Completed","","Relic","Draft (playable, not yet balance-tested in a deck)","","","","3","+2","","Flight","","+2 Might. Flight.","","","None yet. Crownfall item for reference: “A large amount of ability power.”","A diadem of floating star fragments.","PROPOSED","set2/relics/astral_diadem.png",""
"S2-204","relic-tidecaller","Starfire Codex","Completed","","Relic","Draft (playable, not yet balance-tested in a deck)","","","","3","","","","","At the start of your turn, draw a card.","","","None yet. Crownfall item for reference: “Attacks restore 5 extra energy. Each cast grants 10 ability power for the rest of combat.”","A spellbook whose pages burn with starfire.","PROPOSED","set2/relics/tidecaller.png",""
"S2-205","relic-aegis_codex","Aegis Codex","Completed","","Relic","Starter deck: Vault Delvers (playtested)","","","","3","","+1","","","+1 Guard. Your other champions have +1 Guard.","","","None yet. Crownfall item for reference: “Combat start: the holder and adjacent allies gain 25 armour and resistance.”","A shield-shaped tome radiating a protective dome.","PROPOSED","set2/relics/aegis_codex.png",""
"S2-206","relic-hexflame_orb","Hexflame Orb","Completed","","Relic","Draft (playable, not yet balance-tested in a deck)","","","","2","","","","","Attack: Scorch 2 the defender. The defender gets −1 Might this turn.","","","None yet. Crownfall item for reference: “Ability damage burns for 20% of the damage over 3s and reduces the target's healing by 40% for 3s.”","An orb of green hexfire caged in black iron.","PROPOSED","set2/relics/hexflame_orb.png",""
"S2-207","relic-verdant_chalice","Verdant Chalice","Completed","","Relic","Draft (playable, not yet balance-tested in a deck)","","","","3","","","","","At the start of your turn, Shield a champion you control.","","","None yet. Crownfall item for reference: “Every 3s, heal the lowest-health ally for 70 (+ability power).”","A living wooden chalice overflowing with healing sap.","PROPOSED","set2/relics/verdant_chalice.png",""
"S2-208","relic-seers_prism","Seer's Prism","Completed","","Relic","Draft (playable, not yet balance-tested in a deck)","","","","2","+2","","","","+2 Might. Attack: Scorch 1 the defender.","","","None yet. Crownfall item for reference: “After casting, the next 3 attacks deal 45 bonus magic damage.”","A prism throwing rainbow light into a seer’s eyes.","PROPOSED","set2/relics/seers_prism.png",""
"S2-209","relic-wellspring","Wellspring Circlet","Completed","","Relic","Draft (playable, not yet balance-tested in a deck)","","","","4","","","","","At the start of your turn, gain 2 Command.","","","None yet. Crownfall item for reference: “After casting, restore 20 energy.”","A circlet with a spring of clear water at its centre.","PROPOSED","set2/relics/wellspring.png",""
"S2-210","relic-rally_standard","Rallying Standard","Completed","","Relic","Draft (playable, not yet balance-tested in a deck)","","","","3","","","","","Your other champions have +1 Might.","","","None yet. Crownfall item for reference: “Combat start: allies in the holder's row gain a 200 shield for 6s.”","A war banner that seems to stand taller in battle.","PROPOSED","set2/relics/rally_standard.png",""
"S2-211","relic-spell_shroud","Spell Shroud","Completed","","Relic","Draft (playable, not yet balance-tested in a deck)","","","","2","","+3","","","+3 Guard.","","","None yet. Crownfall item for reference: “Blocks the first 3 instances of ability damage.”","A veil that turns spells aside like rain off glass.","PROPOSED","set2/relics/spell_shroud.png",""
"S2-212","relic-phoenix_crown","Phoenix Plume","Completed","","Relic","Draft (playable, not yet balance-tested in a deck)","","","","2","","","","","When the holder is defeated, return a ★ champion from your Fallen pile to your hand.","","","None yet. Crownfall item for reference: “The first time the holder dies, it revives after 2s with 40% health.”","A burning feather that never stops glowing.","PROPOSED","set2/relics/phoenix_crown.png",""
"S2-213","relic-fatebinder","Fatebinder","Completed","","Relic","Draft (playable, not yet balance-tested in a deck)","","","","2","+2","","","","+2 Might. Attack: The defender gets −2 Might this turn.","","","None yet. Crownfall item for reference: “After casting, the holder's next 2 attacks are guaranteed critical strikes.”","Golden chains of fate wrapped around a fist.","PROPOSED","set2/relics/fatebinder.png",""
"S2-214","relic-thornward","Thornward Mail","Completed","","Relic","Draft (playable, not yet balance-tested in a deck)","","","","2","","+2","","","+2 Guard. Block: Scorch 2 the attacker.","","","None yet. Crownfall item for reference: “When attacked, deal 35 magic damage back to the attacker.”","Armour bristling with iron thorns.","PROPOSED","set2/relics/thornward.png",""
"S2-215","relic-twin_aegis","Twin Aegis","Completed","","Relic","Draft (playable, not yet balance-tested in a deck)","","","","2","","+2","Bulwark","","+2 Guard. Bulwark.","","","None yet. Crownfall item for reference: “Immune to stun, root and hex.”","Two interlocking shields bearing the same crest.","PROPOSED","set2/relics/twin_aegis.png",""
"S2-216","relic-bastion_heart","Bastion of the Deep","Completed","","Relic","Draft (playable, not yet balance-tested in a deck)","","","","3","","+4","","","+4 Guard.","","","None yet. Crownfall item for reference: “Combat start: gain a shield equal to 30% of max health for 8s.”","A tower shield carved from the rock of the Deep.","PROPOSED","set2/relics/bastion_heart.png",""
"S2-217","relic-watchward","Watchward Visor","Completed","","Relic","Draft (playable, not yet balance-tested in a deck)","","","","2","","+2","Reach","","+2 Guard. Reach.","","","None yet. Crownfall item for reference: “The holder and adjacent allies cannot be critically struck.”","A visored helm with a watchful eye painted above the slit.","PROPOSED","set2/relics/watchward.png",""
"S2-218","relic-starveil","Starveil Cloak","Completed","","Relic","Draft (playable, not yet balance-tested in a deck)","","","","2","","+2","Flight","","+2 Guard. Flight.","","","None yet. Crownfall item for reference: “Take 30% less magic damage.”","A cloak woven from the night sky.","PROPOSED","set2/relics/starveil.png",""
"S2-219","relic-sanctified_mantle","Sanctified Mantle","Completed","","Relic","Draft (playable, not yet balance-tested in a deck)","","","","2","","","","","At the start of your turn, Shield the holder.","","","None yet. Crownfall item for reference: “Every 4s, cleanse crowd control and heal 5% max health.”","A white mantle glowing with holy light.","PROPOSED","set2/relics/sanctified_mantle.png",""
"S2-220","relic-nullifier","Nullifier Grip","Completed","","Relic","Starter deck: Guardians' Brood (playtested)","","","","2","","","","","Attack: The defender gets −3 Might this turn.","","","None yet. Crownfall item for reference: “Attacks drain 10 energy from the target.”","A heavy gauntlet that drains the magic from whatever it grips.","PROPOSED","set2/relics/nullifier.png",""
"S2-221","relic-giant_heartstone","Mountainheart","Completed","","Relic","Draft (playable, not yet balance-tested in a deck)","","","","3","","+4","","","+4 Guard.","","","None yet. Crownfall item for reference: “+25% maximum health. Regenerate 1% max health per second.”","A stone heart carved from a mountain’s core.","PROPOSED","set2/relics/giant_heartstone.png",""
"S2-222","relic-reapers_lens","Reaper's Grasp","Completed","","Relic","Draft (playable, not yet balance-tested in a deck)","","","","3","","","","","Attack: Defeat each rival champion with Guard 1 or less.","","","None yet. Crownfall item for reference: “Attacks and abilities execute enemies below 12% health.”","A skeletal hand clutching a cold lens.","PROPOSED","set2/relics/reapers_lens.png",""
"S2-223","relic-true_sight","Fate's Edge","Completed","","Relic","Draft (playable, not yet balance-tested in a deck)","","","","3","+3","","","","+3 Might. Attack: Scorch 1 the defender.","","","None yet. Crownfall item for reference: “Critical strikes ignore 50% of armour.”","A blade whose edge follows the thread of fate.","PROPOSED","set2/relics/true_sight.png",""
"S2-224","relic-kingdom_emblem","Kingdom Emblem","Emblem","","Relic","Starter deck: Vault Delvers (playtested)","","","","1","+1","","","","+1 Might. The holder is also Kingdom.","","","None yet. Crownfall item for reference: “The holder gains the Kingdom trait and counts toward it.”","A royal blue emblem stamped with the Kingdom crest.","PROPOSED","set2/relics/kingdom_emblem.png",""
"S2-225","relic-wildkin_emblem","Wildkin Emblem","Emblem","","Relic","Draft (playable, not yet balance-tested in a deck)","","","","1","+1","","","","+1 Might. The holder is also Wildkin.","","","None yet. Crownfall item for reference: “The holder gains the Wildkin trait and counts toward it.”","A claw-marked emblem strung on a leather cord.","PROPOSED","set2/relics/wildkin_emblem.png",""
"S2-226","relic-astral_emblem","Astral Emblem","Emblem","","Relic","Draft (playable, not yet balance-tested in a deck)","","","","1","+1","","","","+1 Might. The holder is also Astral.","","","None yet. Crownfall item for reference: “The holder gains the Astral trait and counts toward it.”","A star-shaped emblem glowing with soft silver light.","PROPOSED","set2/relics/astral_emblem.png",""
"S2-227","relic-hollow_emblem","Hollow Emblem","Emblem","","Relic","Starter deck: Guardians' Brood (playtested)","","","","1","+1","","","","+1 Might. The holder is also Hollow.","","","None yet. Crownfall item for reference: “The holder gains the Hollow trait and counts toward it.”","A pale bone emblem with ghost-light in its hollows.","PROPOSED","set2/relics/hollow_emblem.png",""
"S2-228","relic-gearbound_emblem","Gearbound Emblem","Emblem","","Relic","Draft (playable, not yet balance-tested in a deck)","","","","1","+1","","","","+1 Might. The holder is also Gearbound.","","","None yet. Crownfall item for reference: “The holder gains the Gearbound trait and counts toward it.”","A brass cog emblem that slowly turns on its own.","PROPOSED","set2/relics/gearbound_emblem.png",""
"S2-229","relic-umbral_emblem","Umbral Emblem","Emblem","","Relic","Draft (playable, not yet balance-tested in a deck)","","","","1","+1","","","","+1 Might. The holder is also Umbral.","","","None yet. Crownfall item for reference: “The holder gains the Umbral trait and counts toward it.”","A crescent emblem of polished shadow.","PROPOSED","set2/relics/umbral_emblem.png",""
"S2-230","relic-verdant_emblem","Verdant Emblem","Emblem","","Relic","Draft (playable, not yet balance-tested in a deck)","","","","1","+1","","","","+1 Might. The holder is also Verdant.","","","None yet. Crownfall item for reference: “The holder gains the Verdant trait and counts toward it.”","A living leaf emblem with roots curling from its edge.","PROPOSED","set2/relics/verdant_emblem.png",""
"S2-231","relic-riftborn_emblem","Riftborn Emblem","Emblem","","Relic","Draft (playable, not yet balance-tested in a deck)","","","","1","+1","","","","+1 Might. The holder is also Riftborn.","","","None yet. Crownfall item for reference: “The holder gains the Riftborn trait and counts toward it.”","An emblem with a tiny tear in reality at its centre.","PROPOSED","set2/relics/riftborn_emblem.png",""
"S2-232","relic-sovereign_crown","Sovereign Crown","Crown","","Relic","Draft (playable, not yet balance-tested in a deck)","","","","3","+1","+1","","","+1 Might and +1 Guard. You have one more Champion Zone while it is in play.","","","None yet. Crownfall item for reference: “While the holder is on your board, you can field one more champion.”","A small golden crown forged from two Crown Shards.","PROPOSED","set2/relics/sovereign_crown.png",""
"S2-233","relic-fallen_kings_blade","The Fallen King's Blade","Artifact · Legendary","","Relic","Starter deck: Vault Delvers (playtested)","","","","4","+2","","","","+2 Might. Once per turn, when the holder defeats a champion on your turn, ready it and draw a card.","","","None yet. Crownfall item for reference: “Every takedown grants the holder 15% attack damage and 15% attack speed for the rest of combat.”","The blade of a forgotten king, still sharp, still hungry.","PROPOSED","set2/relics/fallen_kings_blade.png",""
"S2-234","relic-first_realm_crown","Crown of the First Realm","Artifact · Legendary","","Relic","Draft (playable, not yet balance-tested in a deck)","","","","4","+1","+1","","","+1 Might and +1 Guard. The holder counts as every Origin.","","","None yet. Crownfall item for reference: “Each of the holder's origins counts one extra champion for your traits.”","An ancient crown of the first realm, older than the Crownfall.","PROPOSED","set2/relics/first_realm_crown.png",""
"S2-235","relic-hourglass_of_ash","Hourglass of Ash","Artifact · Legendary","","Relic","Draft (playable, not yet balance-tested in a deck)","","","","4","","+2","","","+2 Guard. At the start of your turn, Shield the holder.","","","None yet. Crownfall item for reference: “Once per combat, when the holder would drop below 25% health, time rewinds: it becomes untargetable for 1.5s and heals to 60% health.”","An hourglass of grey ash that flows upward.","PROPOSED","set2/relics/hourglass_of_ash.png",""
"S2-236","relic-titans_last_heart","Titan's Last Heart","Artifact · Legendary","","Relic","Draft (playable, not yet balance-tested in a deck)","","","","4","","+4","","","+4 Guard. When the holder is defeated, Shield each champion you control.","","","None yet. Crownfall item for reference: “When the holder falls, every ally gains a shield equal to 25% of the holder's max health for 4s.”","The final heart of the last titan, cracked but still beating.","PROPOSED","set2/relics/titans_last_heart.png",""
"S2-237","relic-starless_tome","The Starless Tome","Artifact · Legendary","","Relic","Draft (playable, not yet balance-tested in a deck)","","","","4","","","","","At the start of your turn, draw a card and gain 1 Command.","","","None yet. Crownfall item for reference: “Every second ability the holder casts is echoed 0.6s later at full power.”","A black book whose pages hold no stars at all.","PROPOSED","set2/relics/starless_tome.png",""
"S2-238","edict-relic_tide","Relic Tide","Proclaimed by The Unwritten King","","Edict","Draft (playable, not yet balance-tested in a deck)","","","","2","","","","","When a champion holding a Relic is defeated, the Relic returns to its owner’s hand.","","The forgotten kings have left their treasures unguarded.","Crownfall Edict proclamation","The Unwritten King proclaiming the Edict from the royal box, the arena crowd below.","PROPOSED (host is canon)","set2/edicts/edict_relic_tide.png",""
"S2-239","edict-monster_tithe","Monster Tithe","Proclaimed by Dreadmouth","","Edict","Draft (playable, not yet balance-tested in a deck)","","","","2","","","","","Whenever a Monster or Guardian is defeated, its rival draws a card.","","The beasts carry more than their bones.","Crownfall Edict proclamation","Dreadmouth proclaiming the Edict from the royal box, the arena crowd below.","PROPOSED (host is canon)","set2/edicts/edict_monster_tithe.png",""
"S2-240","edict-first_armoury","The First Armoury","Proclaimed by Borin Ironbelly","","Edict","Draft (playable, not yet balance-tested in a deck)","","","","2","","","","","Relics cost 1 less (minimum 0).","","The forges were lit before dawn. Take a blade.","Crownfall Edict proclamation","Borin Ironbelly proclaiming the Edict from the royal box, the arena crowd below.","PROPOSED (host is canon)","set2/edicts/edict_first_armoury.png",""
