"No.","Card ID","Card name","Title / subtype","Star form","Card type","Status","Champion tier","Origins","Classes","Cost (↑ = Ascend cost)","Might","Guard","Keywords","Ability name","Rules text","Crown damage","Flavour text","Flavour source","Art brief","Art brief source","Final art file (suggested)","Variants (alt art / full art — fill in the studio)"
"S1-001","bramble","Bramble","Sapling of the Greenwall","★","Champion","Draft (playable, not yet balance-tested in a deck)","Tier I · Common","Verdant","Warden","1","1","3","","Rootslam","Block: Scorch 1 the attacker.","","The Greenwall forests sent their smallest guardian into the Crownfall. The forest does not understand crowns. It understands roots.","Crownfall lore","A small wooden creature wearing moss like armour, fists of knotted root.","Crownfall star 1 description","set1/champions/bramble/star_1.png",""
"S1-002","bramble-2","Bramble","Sapling of the Greenwall","★★","Ascension","Draft (playable, not yet balance-tested in a deck)","Tier I · Common","Verdant","Warden","↑0","4","6","Bulwark","Rootslam","Block: Scorch 2 the attacker.","","I grew!","Crownfall voice line (gains a star)","Larger, plated in armoured bark with glowing green runes; flowers bloom along the shoulders and roots trail when he walks.","Crownfall star 2 description","set1/champions/bramble/star_2.png",""
"S1-003","bramble-3","Bramble","Sapling of the Greenwall","★★★","Ascension","Draft (playable, not yet balance-tested in a deck)","Tier I · Common","Verdant","Warden","↑1","7","10","Bulwark","Rootslam","Ascend: Scorch 2 each rival champion. Block: Scorch 2 the attacker.","Breaks 2 shards","The forest remembers.","Crownfall voice line (victory)","A miniature ancient world-tree warrior. Leaves orbit him, his eyes burn emerald, and Rootslam erupts as enormous spectral roots.","Crownfall star 3 description","set1/champions/bramble/star_3.png",""
"S1-004","kira","Kira Volt","Arc-Tech Prodigy","★","Champion","Draft (playable, not yet balance-tested in a deck)","Tier I · Common","Voltborn","Ranger","1","2","1","Charge","","","","Kira rebuilt her first pistol from a lightning rod. She intends to rebuild the Crown the same way.","Crownfall lore","A young arc-tech gunner with one compact energy pistol.","Crownfall star 1 description","set1/champions/kira/star_1.png",""
"S1-005","kira-2","Kira Volt","Arc-Tech Prodigy","★★","Ascension","Draft (playable, not yet balance-tested in a deck)","Tier I · Common","Voltborn","Ranger","↑0","5","3","Charge","Overcharged Round","Attack: Scorch 1 each rival champion.","","Double the volts!","Crownfall voice line (gains a star)","Dual energised pistols; her coat carries a glowing arc coil.","Crownfall star 2 description","set1/champions/kira/star_2.png",""
"S1-006","kira-3","Kira Volt","Arc-Tech Prodigy","★★★","Ascension","Draft (playable, not yet balance-tested in a deck)","Tier I · Common","Voltborn","Ranger","↑1","9","6","Charge","Overcharged Round","Attack: Scorch 2 each rival champion.","Breaks 2 shards","Nobody out-sparks me.","Crownfall voice line (victory)","Floating arc batteries orbit her and every shot leaves a lightning trail.","Crownfall star 3 description","set1/champions/kira/star_3.png",""
"S1-007","grimm","Grimm","The Soldier Who Stayed","★","Champion","Draft (playable, not yet balance-tested in a deck)","Tier I · Common","Hollow","Vanguard","1","1","3","","Refuse Death","Block: Shield Grimm.","","His war ended three centuries ago. Nobody told Grimm.","Crownfall lore","A skeletal footsoldier in dented plate, ghost-light in his ribs.","Crownfall star 1 description","set1/champions/grimm/star_1.png",""
"S1-008","grimm-2","Grimm","The Soldier Who Stayed","★★","Ascension","Draft (playable, not yet balance-tested in a deck)","Tier I · Common","Hollow","Vanguard","↑0","4","6","","Refuse Death","Block: Shield Grimm. Ascend: Return a ★ champion from your Fallen pile to your hand.","","Still haven't died properly.","Crownfall voice line (gains a star)","Plate reforged with spectral seams; a tattered banner grows from his back.","Crownfall star 2 description","set1/champions/grimm/star_2.png",""
"S1-009","grimm-3","Grimm","The Soldier Who Stayed","★★★","Ascension","Draft (playable, not yet balance-tested in a deck)","Tier I · Common","Hollow","Vanguard","↑1","7","10","Bulwark","Refuse Death","Block: Shield Grimm. Ascend: Return a ★ champion from your Fallen pile to your hand.","Breaks 2 shards","Another war ended.","Crownfall voice line (victory)","A deathless champion wreathed in green soulfire, his sword a shard of a fallen gate.","Crownfall star 3 description","set1/champions/grimm/star_3.png",""
"S1-010","pip","Pip","Demolitions Enthusiast","★","Champion","Draft (playable, not yet balance-tested in a deck)","Tier I · Common","Gearbound","Saboteur","1","1","1","","Special Delivery","Arrival: Scorch 1 each rival champion.","","Pip was told the Crownfall was a place of great explosions. Pip was not told correctly, so Pip brought his own.","Crownfall lore","A tiny goblin-like sapper with a satchel of fizzing bombs.","Crownfall star 1 description","set1/champions/pip/star_1.png",""
"S1-011","pip-2","Pip","Demolitions Enthusiast","★★","Ascension","Draft (playable, not yet balance-tested in a deck)","Tier I · Common","Gearbound","Saboteur","↑1","3","4","","Special Delivery","Ascend: Scorch 1 each rival champion. Attack: Scorch 1 each rival champion.","","BIGGER BOOM!","Crownfall voice line (gains a star)","Goggles, a bandolier of bigger bombs and a smoking backpack launcher.","Crownfall star 2 description","set1/champions/pip/star_2.png",""
"S1-012","pip-3","Pip","Demolitions Enthusiast","★★★","Ascension","Draft (playable, not yet balance-tested in a deck)","Tier I · Common","Gearbound","Saboteur","↑1","7","7","","Special Delivery","Ascend: Scorch 2 each rival champion. Attack: Scorch 1 each rival champion.","Breaks 2 shards","Pip wants to go again!","Crownfall voice line (victory)","Pip rides a ridiculous miniature mechanical war machine with a bomb chute.","Crownfall star 3 description","set1/champions/pip/star_3.png",""
"S1-013","solara","Solara","Novice of the Dawn","★","Champion","Starter deck: Banner of the Realm (playtested)","Tier I · Common","Dawnforged","Mystic","1","1","2","","Sun Mend","Arrival: Shield another champion you control.","","Her order believes the Crown is the first sunrise, stolen. She has come to return it.","Crownfall lore","A novice sun priestess with a simple brass staff.","Crownfall star 1 description","set1/champions/solara/star_1.png",""
"S1-014","solara-2","Solara","Novice of the Dawn","★★","Ascension","Draft (playable, not yet balance-tested in a deck)","Tier I · Common","Dawnforged","Mystic","↑0","3","5","","Sun Mend","Ascend: Shield each champion you control.","","The light answers me now.","Crownfall voice line (gains a star)","Gilded vestments and a sun-disc staff that hums with light.","Crownfall star 2 description","set1/champions/solara/star_2.png",""
"S1-015","solara-3","Solara","Novice of the Dawn","★★★","Ascension","Draft (playable, not yet balance-tested in a deck)","Tier I · Common","Dawnforged","Mystic","↑1","6","9","","Sun Mend","Ascend: Shield each champion you control. Your other champions have +1 Guard.","Breaks 2 shards","Rest. The sun rises.","Crownfall voice line (victory)","Radiant robes, a floating halo of three suns and wings of morning light.","Crownfall star 3 description","set1/champions/solara/star_3.png",""
"S1-016","fen","Fen","Blood of the Pack","★","Champion","Starter deck: Blood & Ember (playtested)","Tier I · Common","Wildkin","Duelist","1","2","1","","","+1 Might while you have fewer shards than your rival.","","Fen tracks weakness. He learned it from the winters, and the winters were thorough.","Crownfall lore","A lean grey wolf warrior with bone-hilted claws.","Crownfall star 1 description","set1/champions/fen/star_1.png",""
"S1-017","fen-2","Fen","Blood of the Pack","★★","Ascension","Starter deck: Blood & Ember (playtested)","Tier I · Common","Wildkin","Duelist","↑0","5","4","Ambush","Red Moon Pounce","+1 Might while you have fewer shards than your rival.","","The pack grows.","Crownfall voice line (gains a star)","Scarred and armoured in hide, crimson war paint glowing on his muzzle.","Crownfall star 2 description","set1/champions/fen/star_2.png",""
"S1-018","fen-3","Fen","Blood of the Pack","★★★","Ascension","Starter deck: Blood & Ember (playtested)","Tier I · Common","Wildkin","Duelist","↑1","9","7","Ambush","Red Moon Pounce","+1 Might while you have fewer shards than your rival. Once per turn, when Fen defeats a champion on your turn, ready Fen.","Breaks 2 shards","Good hunt.","Crownfall voice line (victory)","An alpha of the blood moon; a red spirit-wolf runs beside every leap.","Crownfall star 3 description","set1/champions/fen/star_3.png",""
"S1-019","torren","Torren","Shield of the Deep","★","Champion","Draft (playable, not yet balance-tested in a deck)","Tier I · Common","Titanborn","Warden","2","1","5","Bulwark","","","","The Titanborn say a shield is a promise. Torren has never broken one.","Crownfall lore","A stone-skinned bearer behind a slab shield.","Crownfall star 1 description","set1/champions/torren/star_1.png",""
"S1-020","torren-2","Torren","Shield of the Deep","★★","Ascension","Draft (playable, not yet balance-tested in a deck)","Tier I · Common","Titanborn","Warden","↑0","3","8","Bulwark","Stonewall","Your other champions have +1 Guard.","","Stone endures.","Crownfall voice line (gains a star)","The shield becomes a carved gate with glowing gold veins.","Crownfall star 2 description","set1/champions/torren/star_2.png",""
"S1-021","torren-3","Torren","Shield of the Deep","★★★","Ascension","Draft (playable, not yet balance-tested in a deck)","Tier I · Common","Titanborn","Warden","↑1","6","12","Bulwark","Stonewall","Ascend: Shield each champion you control. Your other champions have +1 Guard.","Breaks 2 shards","Promise kept.","Crownfall voice line (victory)","A mountain made small: crystal spires grow from his shoulders and the shield bears a living rune.","Crownfall star 3 description","set1/champions/torren/star_3.png",""
"S1-022","nyx","Nyx","The Quiet Hand","★","Champion","Draft (playable, not yet balance-tested in a deck)","Tier I · Common","Umbral","Assassin","1","3","1","Ambush","","","","Nyx stole a star once. She gave it back. Mostly.","Crownfall lore","A hooded thief with two crooked daggers.","Crownfall star 1 description","set1/champions/nyx/star_1.png",""
"S1-023","nyx-2","Nyx","The Quiet Hand","★★","Ascension","Draft (playable, not yet balance-tested in a deck)","Tier I · Common","Umbral","Assassin","↑0","6","3","Ambush","Fade","Attack: Scorch 1 the defender.","","Quieter. Sharper.","Crownfall voice line (gains a star)","Her cloak drips living shadow; violet eyes glow beneath the hood.","Crownfall star 2 description","set1/champions/nyx/star_2.png",""
"S1-024","nyx-3","Nyx","The Quiet Hand","★★★","Ascension","Draft (playable, not yet balance-tested in a deck)","Tier I · Common","Umbral","Assassin","↑1","10","5","Ambush, Flight","Fade","Attack: Scorch 2 the defender.","Breaks 2 shards","Gone before they knew.","Crownfall voice line (victory)","Half shadow, half girl: a trail of afterimages follows her and her daggers are carved from night.","Crownfall star 3 description","set1/champions/nyx/star_3.png",""
"S1-025","emberling","Emberling","Spark That Learned to Speak","★","Champion","Starter deck: Blood & Ember (playtested)","Tier I · Common","Elemental","Arcanist","1","1","1","","Kindle","Arrival: Scorch 2 a rival champion.","","She was a candle once. Then someone read a spell too close to her.","Crownfall lore","A small living flame with curious coal eyes.","Crownfall star 1 description","set1/champions/emberling/star_1.png",""
"S1-026","emberling-2","Emberling","Spark That Learned to Speak","★★","Ascension","Draft (playable, not yet balance-tested in a deck)","Tier I · Common","Elemental","Arcanist","↑0","4","3","","Kindle","Ascend: Scorch 2 a rival champion. Attack: Scorch 1 the defender.","","I'm a real fire now!","Crownfall voice line (gains a star)","A crackling fire sprite crowned with blue-hot embers.","Crownfall star 2 description","set1/champions/emberling/star_2.png",""
"S1-027","emberling-3","Emberling","Spark That Learned to Speak","★★★","Ascension","Draft (playable, not yet balance-tested in a deck)","Tier I · Common","Elemental","Arcanist","↑1","8","6","","Kindle","Ascend: Scorch 2 each rival champion. Attack: Scorch 2 the defender.","Breaks 2 shards","Warm, warm, warm!","Crownfall voice line (victory)","A miniature sun-spirit; the air warps around her and her fireballs leave spiralling trails.","Crownfall star 3 description","set1/champions/emberling/star_3.png",""
"S1-028","rowan","Rowan","Longbow of the Realm","★","Champion","Starter deck: Banner of the Realm (playtested)","Tier I · Common","Kingdom","Ranger","1","2","2","Reach","","","","Rowan has never missed at a hundred paces. At a thousand, he says, the wind argues.","Crownfall lore","A kingdom archer with a yew longbow.","Crownfall star 1 description","set1/champions/rowan/star_1.png",""
"S1-029","rowan-2","Rowan","Longbow of the Realm","★★","Ascension","Draft (playable, not yet balance-tested in a deck)","Tier I · Common","Kingdom","Ranger","↑0","5","4","Reach","Kingsbolt","Attack: Scorch 2 the defender.","","A thousand paces, now.","Crownfall voice line (gains a star)","Royal green tabard and a silver-limbed bow.","Crownfall star 2 description","set1/champions/rowan/star_2.png",""
"S1-030","rowan-3","Rowan","Longbow of the Realm","★★★","Ascension","Draft (playable, not yet balance-tested in a deck)","Tier I · Common","Kingdom","Ranger","↑1","9","7","Reach","Kingsbolt","Ascend: Scorch 2 a rival champion. Attack: Scorch 2 the defender.","Breaks 2 shards","Clean shots.","Crownfall voice line (victory)","A legendary marksman: arrows of light, a lion cloak and a falcon familiar.","Crownfall star 3 description","set1/champions/rowan/star_3.png",""
"S1-031","hexie","Hexie","Apprentice of Mischief","★","Champion","Draft (playable, not yet balance-tested in a deck)","Tier I · Common","Hexbound","Arcanist","1","1","2","","Unstable Hex","Arrival: A rival champion gets −2 Might this turn.","","Hexie is not supposed to be here. Neither was anything she has ever turned into a toad.","Crownfall lore","An apprentice witch in an oversized hat.","Crownfall star 1 description","set1/champions/hexie/star_1.png",""
"S1-032","hexie-2","Hexie","Apprentice of Mischief","★★","Ascension","Draft (playable, not yet balance-tested in a deck)","Tier I · Common","Hexbound","Arcanist","↑0","3","5","","Unstable Hex","Ascend: A rival champion gets −3 Might this turn.","","My hat has opinions!","Crownfall voice line (gains a star)","Her hat has grown eyes. Her staff has grown opinions.","Crownfall star 2 description","set1/champions/hexie/star_2.png",""
"S1-033","hexie-3","Hexie","Apprentice of Mischief","★★★","Ascension","Draft (playable, not yet balance-tested in a deck)","Tier I · Common","Hexbound","Arcanist","↑1","6","8","","Unstable Hex","Ascend: A rival champion gets −4 Might this turn. Attack: Scorch 1 the defender.","Breaks 2 shards","Ribbit. Ha!","Crownfall voice line (victory)","A chaos witch riding a floating cauldron, hexes orbiting like fireflies.","Crownfall star 3 description","set1/champions/hexie/star_3.png",""
"S1-034","bolt","Bolt","Unit B-07","★","Champion","Draft (playable, not yet balance-tested in a deck)","Tier I · Common","Gearbound","Vanguard","1","1","3","","Emergency Plating","Arrival: Shield Bolt.","","Bolt was built to guard a door. The door is gone. Bolt has decided you are the door now.","Crownfall lore","A compact combat automaton with one amber eye.","Crownfall star 1 description","set1/champions/bolt/star_1.png",""
"S1-035","bolt-2","Bolt","Unit B-07","★★","Ascension","Draft (playable, not yet balance-tested in a deck)","Tier I · Common","Gearbound","Vanguard","↑0","4","7","Bulwark","Emergency Plating","Ascend: Shield Bolt.","","Upgrade accepted.","Crownfall voice line (gains a star)","Reinforced plating, piston fists and a spinning gear core.","Crownfall star 2 description","set1/champions/bolt/star_2.png",""
"S1-036","bolt-3","Bolt","Unit B-07","★★★","Ascension","Draft (playable, not yet balance-tested in a deck)","Tier I · Common","Gearbound","Vanguard","↑1","7","11","Bulwark","Emergency Plating","Ascend: Shield Bolt. Your other champions have +1 Guard.","Breaks 2 shards","Door secured.","Crownfall voice line (victory)","A gleaming brass guardian with a reactor heart and folding shield vanes.","Crownfall star 3 description","set1/champions/bolt/star_3.png",""
"S1-037","kael","Kael","Seeker of the Crown","★","Champion","Starter deck: Banner of the Realm (playtested)","Tier I · Common","Kingdom","Duelist","2","3","2","","","","","Everyone in the Crownfall wants the Crown. Kael is the only one who wants to be worthy of it.","Crownfall lore","A young swordsman in travelling leathers.","Crownfall star 1 description","set1/champions/kael/star_1.png",""
"S1-038","kael-2","Kael","Seeker of the Crown","★★","Ascension","Starter deck: Banner of the Realm (playtested)","Tier I · Common","Kingdom","Duelist","↑0","6","5","","Crescent Slash","Attack: Scorch 1 each rival champion.","","Stronger — for the Crown.","Crownfall voice line (gains a star)","Blue-steel armour and a blade that leaves a crescent of light.","Crownfall star 2 description","set1/champions/kael/star_2.png",""
"S1-039","kael-3","Kael","Seeker of the Crown","★★★","Ascension","Starter deck: Banner of the Realm (playtested)","Tier I · Common","Kingdom","Duelist","↑1","10","8","","Crescent Slash","Ascend: Scorch 1 each rival champion. Attack: Scorch 1 each rival champion.","Breaks 2 shards","One step closer.","Crownfall voice line (victory)","A crowned hero-in-waiting; his sword blazes with the sigil of a kingdom that does not exist yet.","Crownfall star 3 description","set1/champions/kael/star_3.png",""
"S1-040","solenne","Solenne Ash","Knight of the Burning Dawn","★","Champion","Starter deck: Banner of the Realm (playtested)","Tier II · Uncommon","Dawnforged","Vanguard","3","3","3","Charge","","","","Solenne swore to burn away every shadow in the Crownfall. She has started a list.","Crownfall lore","A flame knight in rose-gold plate.","Crownfall star 1 description","set1/champions/solenne/star_1.png",""
"S1-041","solenne-2","Solenne Ash","Knight of the Burning Dawn","★★","Ascension","Starter deck: Banner of the Realm (playtested)","Tier II · Uncommon","Dawnforged","Vanguard","↑1","6","6","Charge","Solar Charge","Ascend: Scorch 2 a rival champion.","","The dawn burns brighter!","Crownfall voice line (gains a star)","Her plume becomes fire; her blade glows white-hot.","Crownfall star 2 description","set1/champions/solenne/star_2.png",""
"S1-042","solenne-3","Solenne Ash","Knight of the Burning Dawn","★★★","Ascension","Starter deck: Banner of the Realm (playtested)","Tier II · Uncommon","Dawnforged","Vanguard","↑2","10","9","Charge","Solar Charge","Ascend: Scorch 2 each rival champion.","Breaks 2 shards","Cleansed.","Crownfall voice line (victory)","Sun-forged armour, blazing wings and a trail of dawnfire.","Crownfall star 3 description","set1/champions/solenne/star_3.png",""
"S1-043","grizz","Grizz","The Mountain That Walks","★","Champion","Starter deck: Blood & Ember (playtested)","Tier II · Uncommon","Wildkin","Bruiser","3","4","4","","Maul","+2 Might while blocking.","","Grizz does not understand the Crown. He understands that everyone wants it, and he likes a crowd.","Crownfall lore","An enormous bear warrior with iron-shod claws.","Crownfall star 1 description","set1/champions/grizz/star_1.png",""
"S1-044","grizz-2","Grizz","The Mountain That Walks","★★","Ascension","Draft (playable, not yet balance-tested in a deck)","Tier II · Uncommon","Wildkin","Bruiser","↑1","7","7","","Maul","+2 Might while blocking. Attack: Scorch 1 the defender.","","BIGGER GRAHH!","Crownfall voice line (gains a star)","War-paint and a pauldron made from a mountain troll's skull.","Crownfall star 2 description","set1/champions/grizz/star_2.png",""
"S1-045","grizz-3","Grizz","The Mountain That Walks","★★★","Ascension","Draft (playable, not yet balance-tested in a deck)","Tier II · Uncommon","Wildkin","Bruiser","↑2","11","10","","Maul","+3 Might while blocking. Attack: Scorch 2 the defender.","Breaks 2 shards","Nap time.","Crownfall voice line (victory)","A primal bear-titan whose roar shakes the arena floor.","Crownfall star 3 description","set1/champions/grizz/star_3.png",""
"S1-046","gearwick","Gearwick-9","Siege Calculator","★","Champion","Draft (playable, not yet balance-tested in a deck)","Tier II · Uncommon","Gearbound","Artillerist","3","3","2","Reach","Mortar Protocol","Attack: Scorch 1 each rival champion.","","Gearwick-9 has calculated the odds of winning the Crown. It will not tell you them.","Crownfall lore","A clockwork artillery robot with a brass mortar.","Crownfall star 1 description","set1/champions/gearwick/star_1.png",""
"S1-047","gearwick-2","Gearwick-9","Siege Calculator","★★","Ascension","Draft (playable, not yet balance-tested in a deck)","Tier II · Uncommon","Gearbound","Artillerist","↑1","6","5","Reach","Mortar Protocol","Ascend: Scorch 1 each rival champion. Attack: Scorch 1 each rival champion.","","Additional barrels installed.","Crownfall voice line (gains a star)","Twin barrels and a targeting monocle that clicks.","Crownfall star 2 description","set1/champions/gearwick/star_2.png",""
"S1-048","gearwick-3","Gearwick-9","Siege Calculator","★★★","Ascension","Draft (playable, not yet balance-tested in a deck)","Tier II · Uncommon","Gearbound","Artillerist","↑2","9","8","Reach","Mortar Protocol","Attack: Scorch 2 each rival champion.","Breaks 2 shards","Odds improved.","Crownfall voice line (victory)","A walking siege tower with a rotary mortar crown.","Crownfall star 3 description","set1/champions/gearwick/star_3.png",""
"S1-049","mirella","Mirella","Voice of the Tides","★","Champion","Starter deck: Blood & Ember (playtested)","Tier II · Uncommon","Elemental","Mystic","2","1","3","","Tidal Veil","Arrival: Shield another champion you control.","","Mirella can hear every ocean. The Crownfall has none, and the silence frightens her.","Crownfall lore","A water mage with a swirling orb of seawater.","Crownfall star 1 description","set1/champions/mirella/star_1.png",""
"S1-050","mirella-2","Mirella","Voice of the Tides","★★","Ascension","Draft (playable, not yet balance-tested in a deck)","Tier II · Uncommon","Elemental","Mystic","↑1","3","6","","Tidal Veil","Ascend: Shield each champion you control.","","Every ocean sings with me.","Crownfall voice line (gains a star)","Robes of living foam and a coral circlet.","Crownfall star 2 description","set1/champions/mirella/star_2.png",""
"S1-051","mirella-3","Mirella","Voice of the Tides","★★★","Ascension","Draft (playable, not yet balance-tested in a deck)","Tier II · Uncommon","Elemental","Mystic","↑2","6","10","","Tidal Veil","Ascend: Shield each champion you control. Draw a card.","Breaks 2 shards","Calm waters.","Crownfall voice line (victory)","A tide queen: a ring of water orbits her and fish of light swim through it.","Crownfall star 3 description","set1/champions/mirella/star_3.png",""
"S1-052","shade","Shade","The Mask With No Face","★","Champion","Draft (playable, not yet balance-tested in a deck)","Tier II · Uncommon","Umbral","Assassin","2","3","1","Ambush","","","","Shade has worn many faces. The mask is the only one that stayed.","Crownfall lore","A masked assassin with a red-lacquered blade.","Crownfall star 1 description","set1/champions/shade/star_1.png",""
"S1-053","shade-2","Shade","The Mask With No Face","★★","Ascension","Draft (playable, not yet balance-tested in a deck)","Tier II · Uncommon","Umbral","Assassin","↑1","6","3","Ambush","Execution Mark","Once per turn, when Shade defeats a champion on your turn, ready Shade.","","The mask cracks. Good.","Crownfall voice line (gains a star)","The mask cracks, revealing a crimson glow beneath.","Crownfall star 2 description","set1/champions/shade/star_2.png",""
"S1-054","shade-3","Shade","The Mask With No Face","★★★","Ascension","Draft (playable, not yet balance-tested in a deck)","Tier II · Uncommon","Umbral","Assassin","↑2","10","5","Ambush","Execution Mark","Ascend: Defeat each rival champion with Guard 1 or less. Once per turn, when Shade defeats a champion on your turn, ready Shade.","Breaks 2 shards","Executed.","Crownfall voice line (victory)","A wraith of ribbons and knives; the mask floats in front of an empty hood.","Crownfall star 3 description","set1/champions/shade/star_3.png",""
"S1-055","borin","Borin Ironbelly","Forgekin Hearthbreaker","★","Champion","Draft (playable, not yet balance-tested in a deck)","Tier II · Uncommon","Titanborn","Bruiser","3","3","4","","Molten Hammer","Attack: Scorch 1 each rival champion.","","The Forgekin of Titan's Deep sing to metal until it agrees to become a hammer. Borin sings loudest.","Crownfall lore","A broad Forgekin smith: basalt skin, braided beard of copper wire, a glowing hammer.","Crownfall star 1 description","set1/champions/borin/star_1.png",""
"S1-056","borin-2","Borin Ironbelly","Forgekin Hearthbreaker","★★","Ascension","Draft (playable, not yet balance-tested in a deck)","Tier II · Uncommon","Titanborn","Bruiser","↑1","6","7","","Molten Hammer","Attack: Scorch 1 each rival champion.","","Hammer sings louder!","Crownfall voice line (gains a star)","Magma veins open along his arms; his hammer head is a live forge.","Crownfall star 2 description","set1/champions/borin/star_2.png",""
"S1-057","borin-3","Borin Ironbelly","Forgekin Hearthbreaker","★★★","Ascension","Draft (playable, not yet balance-tested in a deck)","Tier II · Uncommon","Titanborn","Bruiser","↑2","10","10","Bulwark","Molten Hammer","Attack: Scorch 2 each rival champion.","Breaks 2 shards","Well struck.","Crownfall voice line (victory)","Borin becomes a walking furnace; his beard is molten metal and every step leaves slag.","Crownfall star 3 description","set1/champions/borin/star_3.png",""
"S1-058","seren","Seren","Keeper of Starlings","★","Champion","Draft (playable, not yet balance-tested in a deck)","Tier II · Uncommon","Astral","Summoner","2","1","2","","Starling","Arrival: Summon a Starling.","","Seren catches falling stars. Some of them want to fight.","Crownfall lore","A star-child with a lantern staff.","Crownfall star 1 description","set1/champions/seren/star_1.png",""
"S1-059","seren-2","Seren","Keeper of Starlings","★★","Ascension","Draft (playable, not yet balance-tested in a deck)","Tier II · Uncommon","Astral","Summoner","↑1","3","5","Flight","Starling","Ascend: Summon two Starlings.","","More stars, more friends!","Crownfall voice line (gains a star)","A cloak of night sky and a lantern that holds a real star.","Crownfall star 2 description","set1/champions/seren/star_2.png",""
"S1-060","seren-3","Seren","Keeper of Starlings","★★★","Ascension","Draft (playable, not yet balance-tested in a deck)","Tier II · Uncommon","Astral","Summoner","↑2","6","8","Flight","Starling","Ascend: Summon two Starlings. Draw a card.","Breaks 2 shards","Twinkle, twinkle!","Crownfall voice line (victory)","Constellations sketch themselves around her; a flock of light-birds circles overhead.","Crownfall star 3 description","set1/champions/seren/star_3.png",""
"S1-061","thorn","Thorn","Blighted Bloom","★","Champion","Draft (playable, not yet balance-tested in a deck)","Tier II · Uncommon","Verdant","Saboteur","2","2","2","","Toxic Bloom","Arrival: Scorch 1 each rival champion.","","Not every forest wants visitors.","Crownfall lore","A thorned plant warrior with a violet flower head.","Crownfall star 1 description","set1/champions/thorn/star_1.png",""
"S1-062","thorn-2","Thorn","Blighted Bloom","★★","Ascension","Draft (playable, not yet balance-tested in a deck)","Tier II · Uncommon","Verdant","Saboteur","↑1","4","5","","Toxic Bloom","Ascend: Scorch 1 each rival champion. Block: Scorch 2 the attacker.","","In full bloom.","Crownfall voice line (gains a star)","Poison dripping from purple petals; a thorny spine along his back.","Crownfall star 2 description","set1/champions/thorn/star_2.png",""
"S1-063","thorn-3","Thorn","Blighted Bloom","★★★","Ascension","Draft (playable, not yet balance-tested in a deck)","Tier II · Uncommon","Verdant","Saboteur","↑2","7","8","","Toxic Bloom","Ascend: Scorch 2 each rival champion. Block: Scorch 2 the attacker.","Breaks 2 shards","The garden wins.","Crownfall voice line (victory)","A carnivorous bloom colossus whose petals exhale toxic spores.","Crownfall star 3 description","set1/champions/thorn/star_3.png",""
"S1-064","dax","Dax Meridian","The Gun Between Worlds","★","Champion","Draft (playable, not yet balance-tested in a deck)","Tier II · Uncommon","Riftborn","Ranger","2","3","2","Reach","Ricochet","Attack: Scorch 1 a rival champion.","","Dax has fought in forty-one realities. He lost in one, and he is still annoyed about it.","Crownfall lore","A dimensional gunslinger in a dusty long coat.","Crownfall star 1 description","set1/champions/dax/star_1.png",""
"S1-065","dax-2","Dax Meridian","The Gun Between Worlds","★★","Ascension","Draft (playable, not yet balance-tested in a deck)","Tier II · Uncommon","Riftborn","Ranger","↑1","6","4","Flight","Ricochet","Attack: Scorch 1 each rival champion.","","Forty-two realities, one gun.","Crownfall voice line (gains a star)","Rift cracks glow along his revolver; his coat shows another sky.","Crownfall star 2 description","set1/champions/dax/star_2.png",""
"S1-066","dax-3","Dax Meridian","The Gun Between Worlds","★★★","Ascension","Draft (playable, not yet balance-tested in a deck)","Tier II · Uncommon","Riftborn","Ranger","↑2","10","7","Flight","Ricochet","Attack: Scorch 2 each rival champion.","Breaks 2 shards","Not the one I lose in.","Crownfall voice line (victory)","A drifter from every timeline at once: ghostly copies echo his shots.","Crownfall star 3 description","set1/champions/dax/star_3.png",""
"S1-067","elara","Elara","Field Surgeon of the Realm","★","Champion","Starter deck: Banner of the Realm (playtested)","Tier II · Uncommon","Kingdom","Mystic","3","1","3","","Last Light","Arrival: Return a ★ champion from your Fallen pile to your hand.","","Elara has saved more soldiers than any general has led.","Crownfall lore","A battlefield healer with a satchel of salves.","Crownfall star 1 description","set1/champions/elara/star_1.png",""
"S1-068","elara-2","Elara","Field Surgeon of the Realm","★★","Ascension","Draft (playable, not yet balance-tested in a deck)","Tier II · Uncommon","Kingdom","Mystic","↑1","3","6","","Last Light","Ascend: Return a ★ champion from your Fallen pile to your hand.","","No one falls today.","Crownfall voice line (gains a star)","White-and-blue royal vestments; her tome glows.","Crownfall star 2 description","set1/champions/elara/star_2.png",""
"S1-069","elara-3","Elara","Field Surgeon of the Realm","★★★","Ascension","Draft (playable, not yet balance-tested in a deck)","Tier II · Uncommon","Kingdom","Mystic","↑2","6","9","","Last Light","Ascend: Return up to two ★ champions from your Fallen pile to your hand. Shield each champion you control.","Breaks 2 shards","Everyone accounted for.","Crownfall voice line (victory)","An angel of the field hospital, light pouring from her open tome.","Crownfall star 3 description","set1/champions/elara/star_3.png",""
"S1-070","rask","Rask","Pit Champion of Sszar","★","Champion","Draft (playable, not yet balance-tested in a deck)","Tier II · Uncommon","Wildkin","Duelist","2","3","2","","Predator's Rhythm","+1 Might while you have fewer shards than your rival.","","Rask counts in threes. So do his opponents, briefly.","Crownfall lore","A reptilian gladiator with a notched gladius.","Crownfall star 1 description","set1/champions/rask/star_1.png",""
"S1-071","rask-2","Rask","Pit Champion of Sszar","★★","Ascension","Draft (playable, not yet balance-tested in a deck)","Tier II · Uncommon","Wildkin","Duelist","↑1","6","5","","Predator's Rhythm","+1 Might while you have fewer shards than your rival. Once per turn, when Rask defeats a champion on your turn, ready Rask.","","The crowd chants my name.","Crownfall voice line (gains a star)","Gilded arena armour and a trophy belt.","Crownfall star 2 description","set1/champions/rask/star_2.png",""
"S1-072","rask-3","Rask","Pit Champion of Sszar","★★★","Ascension","Draft (playable, not yet balance-tested in a deck)","Tier II · Uncommon","Wildkin","Duelist","↑2","10","8","Ambush","Predator's Rhythm","+1 Might while you have fewer shards than your rival. Once per turn, when Rask defeats a champion on your turn, ready Rask.","Breaks 2 shards","Undefeated.","Crownfall voice line (victory)","The undefeated: golden scales and a cloak of every champion he has bested.","Crownfall star 3 description","set1/champions/rask/star_3.png",""
"S1-073","hex3","HEX-3","Arcane Prototype","★","Champion","Draft (playable, not yet balance-tested in a deck)","Tier II · Uncommon","Gearbound","Arcanist","2","2","3","","Mana Reactor","Attack: Scorch 2 the defender.","","Prototypes one and two exploded. HEX-3 is careful. HEX-3 is very, very careful.","Crownfall lore","An experimental robot with a glass mana chamber.","Crownfall star 1 description","set1/champions/hex3/star_1.png",""
"S1-074","hex3-2","HEX-3","Arcane Prototype","★★","Ascension","Draft (playable, not yet balance-tested in a deck)","Tier II · Uncommon","Gearbound","Arcanist","↑1","5","6","","Mana Reactor","Ascend: Scorch 1 each rival champion. Attack: Scorch 2 the defender.","","Core output increased.","Crownfall voice line (gains a star)","Rune-etched plating; the reactor glows violet.","Crownfall star 2 description","set1/champions/hex3/star_2.png",""
"S1-075","hex3-3","HEX-3","Arcane Prototype","★★★","Ascension","Draft (playable, not yet balance-tested in a deck)","Tier II · Uncommon","Gearbound","Arcanist","↑2","8","9","Bulwark","Mana Reactor","Attack: Scorch 3 the defender.","Breaks 2 shards","Did not explode.","Crownfall voice line (victory)","A levitating arcane engine with three orbiting reactor cores.","Crownfall star 3 description","set1/champions/hex3/star_3.png",""
"S1-076","valkara","Valkara","Wing of Judgment","★","Champion","Draft (playable, not yet balance-tested in a deck)","Tier III · Elite","Astral","Duelist","3","4","3","Flight","","","","Valkara judges. The verdict is usually ""from above"".","Crownfall lore","A winged celestial warrior with a spear-sword.","Crownfall star 1 description","set1/champions/valkara/star_1.png",""
"S1-077","valkara-2","Valkara","Wing of Judgment","★★","Ascension","Draft (playable, not yet balance-tested in a deck)","Tier III · Elite","Astral","Duelist","↑1","7","6","Flight","Judgment Dive","Ascend: Scorch 2 a rival champion.","","My wings are sharper.","Crownfall voice line (gains a star)","Wings of starlight and a gilded war-helm.","Crownfall star 2 description","set1/champions/valkara/star_2.png",""
"S1-078","valkara-3","Valkara","Wing of Judgment","★★★","Ascension","Draft (playable, not yet balance-tested in a deck)","Tier III · Elite","Astral","Duelist","↑2","11","9","Flight","Judgment Dive","Ascend: Scorch 2 each rival champion.","Breaks 2 shards","The verdict stands.","Crownfall voice line (victory)","Six wings, a halo of blades and a dive that splits the sky.","Crownfall star 3 description","set1/champions/valkara/star_3.png",""
"S1-079","dreadmouth","Dreadmouth","The Hunger Below","★","Champion","Draft (playable, not yet balance-tested in a deck)","Tier III · Elite","Hollow","Bruiser","4","5","4","","Devour","When Dreadmouth defeats a champion on your turn, Shield Dreadmouth.","","It ate a kingdom once. It is still hungry.","Crownfall lore","An enormous hollow creature that is mostly jaw.","Crownfall star 1 description","set1/champions/dreadmouth/star_1.png",""
"S1-080","dreadmouth-2","Dreadmouth","The Hunger Below","★★","Ascension","Draft (playable, not yet balance-tested in a deck)","Tier III · Elite","Hollow","Bruiser","↑1","8","7","","Devour","When Dreadmouth defeats a champion on your turn, Shield Dreadmouth.","","MORE TEETH.","Crownfall voice line (gains a star)","Bone plates, a second jaw, and ghostfire in its throat.","Crownfall star 2 description","set1/champions/dreadmouth/star_2.png",""
"S1-081","dreadmouth-3","Dreadmouth","The Hunger Below","★★★","Ascension","Draft (playable, not yet balance-tested in a deck)","Tier III · Elite","Hollow","Bruiser","↑2","12","10","","Devour","When Dreadmouth defeats a champion on your turn, Shield Dreadmouth. Attack: Scorch 2 the defender.","Breaks 2 shards","Delicious.","Crownfall voice line (victory)","A leviathan of the dead: an entire graveyard of teeth.","Crownfall star 3 description","set1/champions/dreadmouth/star_3.png",""
"S1-082","spark","Professor Spark","Arc-Engineer Extraordinaire","★","Champion","Draft (playable, not yet balance-tested in a deck)","Tier III · Elite","Gearbound","Summoner","3","2","3","","Deploy Turret","Arrival: Summon an Arc Turret.","","Professor Spark was expelled from four academies for ""excessive voltage"".","Crownfall lore","A wild-haired engineer with a wrench and a tool-pack.","Crownfall star 1 description","set1/champions/spark/star_1.png",""
"S1-083","spark-2","Professor Spark","Arc-Engineer Extraordinaire","★★","Ascension","Draft (playable, not yet balance-tested in a deck)","Tier III · Elite","Gearbound","Summoner","↑1","5","6","","Deploy Turret","Ascend: Summon an Arc Turret.","","Version two, even better!","Crownfall voice line (gains a star)","A mechanical arm grows from the pack; goggles spark.","Crownfall star 2 description","set1/champions/spark/star_2.png",""
"S1-084","spark-3","Professor Spark","Arc-Engineer Extraordinaire","★★★","Ascension","Draft (playable, not yet balance-tested in a deck)","Tier III · Elite","Gearbound","Summoner","↑2","8","9","Bulwark","Deploy Turret","Ascend: Summon two Arc Turrets. Your other champions have +1 Guard.","Breaks 2 shards","Science wins again!","Crownfall voice line (victory)","He sits in a walking workshop that builds turrets on the fly.","Crownfall star 3 description","set1/champions/spark/star_3.png",""
"S1-085","orion","Orion","The Constellation Sniper","★","Champion","Draft (playable, not yet balance-tested in a deck)","Tier III · Elite","Astral","Ranger","3","4","2","Reach","Constellation Shot","Attack: Scorch 2 the defender.","","Orion names every star he fires. He is running out of names.","Crownfall lore","A star-powered sniper with a crescent longbow.","Crownfall star 1 description","set1/champions/orion/star_1.png",""
"S1-086","orion-2","Orion","The Constellation Sniper","★★","Ascension","Draft (playable, not yet balance-tested in a deck)","Tier III · Elite","Astral","Ranger","↑1","7","5","Reach","Constellation Shot","Ascend: Scorch 3 a rival champion. Attack: Scorch 2 the defender.","","The constellations align.","Crownfall voice line (gains a star)","Constellations glow across his armour; his bow draws starlight.","Crownfall star 2 description","set1/champions/orion/star_2.png",""
"S1-087","orion-3","Orion","The Constellation Sniper","★★★","Ascension","Draft (playable, not yet balance-tested in a deck)","Tier III · Elite","Astral","Ranger","↑2","11","8","Reach","Constellation Shot","Ascend: Scorch 4 a rival champion. Attack: Scorch 2 the defender.","Breaks 2 shards","Named and claimed.","Crownfall voice line (victory)","A hunter of gods: his arrows are comets.","Crownfall star 3 description","set1/champions/orion/star_3.png",""
"S1-088","maeve","Maeve","The Old Bargain","★","Champion","Draft (playable, not yet balance-tested in a deck)","Tier III · Elite","Verdant · Hexbound","Mystic","3","2","4","","Nature's Bargain","Arrival: A rival champion gets −2 Might this turn. Shield another champion you control.","","Maeve always keeps her bargains. That is what makes them frightening.","Crownfall lore","An ancient forest witch with a staff of living wood.","Crownfall star 1 description","set1/champions/maeve/star_1.png",""
"S1-089","maeve-2","Maeve","The Old Bargain","★★","Ascension","Draft (playable, not yet balance-tested in a deck)","Tier III · Elite","Verdant · Hexbound","Mystic","↑1","4","7","","Nature's Bargain","Ascend: A rival champion gets −3 Might this turn. Shield a champion you control.","","The old bargain holds.","Crownfall voice line (gains a star)","Antlers of bone and branch; her shadow is a tree.","Crownfall star 2 description","set1/champions/maeve/star_2.png",""
"S1-090","maeve-3","Maeve","The Old Bargain","★★★","Ascension","Draft (playable, not yet balance-tested in a deck)","Tier III · Elite","Verdant · Hexbound","Mystic","↑2","7","10","","Nature's Bargain","Ascend: Scorch 2 each rival champion. Shield each champion you control.","Breaks 2 shards","Debts collected.","Crownfall voice line (victory)","The forest itself leans in to listen: moths of light circle her crown of antlers.","Crownfall star 3 description","set1/champions/maeve/star_3.png",""
"S1-091","ronin","Ronin Zero","The Frame That Wanders","★","Champion","Draft (playable, not yet balance-tested in a deck)","Tier III · Elite","Voltborn","Duelist","3","4","3","Charge","","","","Ronin Zero forgot his master's name. He did not forget the technique.","Crownfall lore","A cybernetic wandering swordsman with a straw-coloured visor.","Crownfall star 1 description","set1/champions/ronin/star_1.png",""
"S1-092","ronin-2","Ronin Zero","The Frame That Wanders","★★","Ascension","Draft (playable, not yet balance-tested in a deck)","Tier III · Elite","Voltborn","Duelist","↑1","7","6","Charge","Zero Frame","Once per turn, when Ronin Zero defeats a champion on your turn, ready Ronin Zero.","","Faster than memory.","Crownfall voice line (gains a star)","Arc lines trace his frame; his blade hums.","Crownfall star 2 description","set1/champions/ronin/star_2.png",""
"S1-093","ronin-3","Ronin Zero","The Frame That Wanders","★★★","Ascension","Draft (playable, not yet balance-tested in a deck)","Tier III · Elite","Voltborn","Duelist","↑2","11","9","Charge, Ambush","Zero Frame","Once per turn, when Ronin Zero defeats a champion on your turn, ready Ronin Zero.","Breaks 2 shards","The technique remains.","Crownfall voice line (victory)","He moves faster than his own afterimages; a lightning scabbard crackles at his hip.","Crownfall star 3 description","set1/champions/ronin/star_3.png",""
"S1-094","ignara","Ignara","The Living Pyre","★","Champion","Starter deck: Blood & Ember (playtested)","Tier III · Elite","Elemental","Vanguard","3","3","4","","Inferno Shell","Block: Scorch 2 the attacker.","","Ignara was born in a volcano. She considers everywhere else cold.","Crownfall lore","A fire elemental warrior in cooling obsidian armour.","Crownfall star 1 description","set1/champions/ignara/star_1.png",""
"S1-095","ignara-2","Ignara","The Living Pyre","★★","Ascension","Starter deck: Blood & Ember (playtested)","Tier III · Elite","Elemental","Vanguard","↑1","6","7","","Inferno Shell","Block: Scorch 2 the attacker.","","Burn brighter!","Crownfall voice line (gains a star)","The armour cracks and roars with flame.","Crownfall star 2 description","set1/champions/ignara/star_2.png",""
"S1-096","ignara-3","Ignara","The Living Pyre","★★★","Ascension","Starter deck: Blood & Ember (playtested)","Tier III · Elite","Elemental","Vanguard","↑2","9","10","Bulwark","Inferno Shell","Block: Scorch 2 the attacker. This also happens when Ignara is attacked.","Breaks 2 shards","Only ash.","Crownfall voice line (victory)","A pillar of fire in the shape of a woman; the air itself is burning.","Crownfall star 3 description","set1/champions/ignara/star_3.png",""
"S1-097","morrow","Morrow","The Gravecaller","★","Champion","Draft (playable, not yet balance-tested in a deck)","Tier III · Elite","Hollow","Summoner","3","2","3","","Raise Fallen","Arrival: Summon a Risen Soldier.","","Morrow believes death is a waste of good soldiers.","Crownfall lore","A gaunt necromancer with a bone scythe.","Crownfall star 1 description","set1/champions/morrow/star_1.png",""
"S1-098","morrow-2","Morrow","The Gravecaller","★★","Ascension","Draft (playable, not yet balance-tested in a deck)","Tier III · Elite","Hollow","Summoner","↑1","5","6","","Raise Fallen","Ascend: Deploy a ★ champion costing 2 or less from your Fallen pile for free.","","My legion grows.","Crownfall voice line (gains a star)","Ghostlights orbit him and his robes are stitched from banners.","Crownfall star 2 description","set1/champions/morrow/star_2.png",""
"S1-099","morrow-3","Morrow","The Gravecaller","★★★","Ascension","Draft (playable, not yet balance-tested in a deck)","Tier III · Elite","Hollow","Summoner","↑2","8","9","","Raise Fallen","Ascend: Deploy a ★ champion costing 3 or less from your Fallen pile for free. Summon two Risen Soldiers.","Breaks 2 shards","Rise, and rest.","Crownfall voice line (victory)","A lord of the grave crowned in spectral candles.","Crownfall star 3 description","set1/champions/morrow/star_3.png",""
"S1-100","blacktide","Captain Blacktide","Terror of the Rift Seas","★","Champion","Draft (playable, not yet balance-tested in a deck)","Tier III · Elite","Riftborn","Artillerist","4","4","3","Reach","Broadside","Attack: Scorch 1 each rival champion.","","Blacktide sails seas that exist only between realities. He charges tolls.","Crownfall lore","A dimensional pirate captain with a hand cannon.","Crownfall star 1 description","set1/champions/blacktide/star_1.png",""
"S1-101","blacktide-2","Captain Blacktide","Terror of the Rift Seas","★★","Ascension","Draft (playable, not yet balance-tested in a deck)","Tier III · Elite","Riftborn","Artillerist","↑1","7","6","Reach","Broadside","Attack: Scorch 2 each rival champion.","","Crew, to the cannons!","Crownfall voice line (gains a star)","A spectral crew appears behind him; his coat drips seawater from nowhere.","Crownfall star 2 description","set1/champions/blacktide/star_2.png",""
"S1-102","blacktide-3","Captain Blacktide","Terror of the Rift Seas","★★★","Ascension","Draft (playable, not yet balance-tested in a deck)","Tier III · Elite","Riftborn","Artillerist","↑2","10","9","Reach","Broadside","Ascend: Scorch 2 each rival champion. Attack: Scorch 2 each rival champion.","Breaks 2 shards","Plunder!","Crownfall voice line (victory)","A ghost galleon's figurehead rises behind him as he fires.","Crownfall star 3 description","set1/champions/blacktide/star_3.png",""
"S1-103","aurelia","Aurelia","Crown Commander","★","Champion","Starter deck: Banner of the Realm (playtested)","Tier III · Elite","Kingdom","Commander","4","3","4","","Rally the Crown","Attack: Your other champions get +1 Might this turn.","","Aurelia already has a crown. She wants to know why this one is bigger.","Crownfall lore","A royal battle commander in blue and gold.","Crownfall star 1 description","set1/champions/aurelia/star_1.png",""
"S1-104","aurelia-2","Aurelia","Crown Commander","★★","Ascension","Starter deck: Banner of the Realm (playtested)","Tier III · Elite","Kingdom","Commander","↑1","6","7","","Rally the Crown","Your other champions have +1 Might.","","For the realm!","Crownfall voice line (gains a star)","A standard bearer marches behind her; her circlet glows.","Crownfall star 2 description","set1/champions/aurelia/star_2.png",""
"S1-105","aurelia-3","Aurelia","Crown Commander","★★★","Ascension","Starter deck: Banner of the Realm (playtested)","Tier III · Elite","Kingdom","Commander","↑2","9","10","","Rally the Crown","Your other champions have +1 Might and +1 Guard.","Breaks 2 shards","Victory for the Crown.","Crownfall voice line (victory)","Crowned in light, her banner becomes a column of gold.","Crownfall star 3 description","set1/champions/aurelia/star_3.png",""
"S1-106","knuckle","Knuckle","Pit King","★","Champion","Draft (playable, not yet balance-tested in a deck)","Tier III · Elite","Titanborn","Bruiser","4","5","5","","Arena Breaker","Attack: The defender gets −2 Might this turn.","","Knuckle has never lost a fight in the Underpits. He is here to see if the surface is any harder.","Crownfall lore","An enormous stone pit fighter with taped fists.","Crownfall star 1 description","set1/champions/knuckle/star_1.png",""
"S1-107","knuckle-2","Knuckle","Pit King","★★","Ascension","Draft (playable, not yet balance-tested in a deck)","Tier III · Elite","Titanborn","Bruiser","↑1","8","8","","Arena Breaker","Attack: The defender gets −3 Might this turn.","","Champion of two worlds.","Crownfall voice line (gains a star)","Championship belts and cracks of gold in his granite skin.","Crownfall star 2 description","set1/champions/knuckle/star_2.png",""
"S1-108","knuckle-3","Knuckle","Pit King","★★★","Ascension","Draft (playable, not yet balance-tested in a deck)","Tier III · Elite","Titanborn","Bruiser","↑2","12","11","Bulwark","Arena Breaker","Attack: The defender gets −4 Might this turn.","Breaks 2 shards","Next!","Crownfall voice line (victory)","A living landslide with fists like siege rams.","Crownfall star 3 description","set1/champions/knuckle/star_3.png",""
"S1-109","zyrak","Zyrak","Shard of the Far Lattice","★","Champion","Draft (playable, not yet balance-tested in a deck)","Tier III · Elite","Riftborn","Arcanist","3","2","3","Flight","Prismatic Collapse","Arrival: Scorch 2 a rival champion.","","Zyrak speaks in light. Most listeners go briefly blind; Zyrak considers this rude.","Crownfall lore","A crystal alien with a floating prism.","Crownfall star 1 description","set1/champions/zyrak/star_1.png",""
"S1-110","zyrak-2","Zyrak","Shard of the Far Lattice","★★","Ascension","Draft (playable, not yet balance-tested in a deck)","Tier III · Elite","Riftborn","Arcanist","↑1","5","6","Flight","Prismatic Collapse","Ascend: Scorch 2 each rival champion.","","* shines brighter *","Crownfall voice line (gains a star)","More facets, more light; a halo of crystal shards.","Crownfall star 2 description","set1/champions/zyrak/star_2.png",""
"S1-111","zyrak-3","Zyrak","Shard of the Far Lattice","★★★","Ascension","Draft (playable, not yet balance-tested in a deck)","Tier III · Elite","Riftborn","Arcanist","↑2","8","9","Flight","Prismatic Collapse","Ascend: Scorch 3 each rival champion.","Breaks 2 shards","* hums in triumph *","Crownfall voice line (victory)","A walking cathedral of prisms refracting impossible colours.","Crownfall star 3 description","set1/champions/zyrak/star_3.png",""
"S1-112","astryon","Astryon","The Seven-Star Blade","★","Champion","Draft (playable, not yet balance-tested in a deck)","Tier IV · Epic","Astral","Duelist","5","6","4","Flight","Seven-Star Dance","Attack: Scorch 1 each rival champion.","","Astryon has cut down seven stars. He intends the Crown to be the eighth.","Crownfall lore","A silver celestial swordsman.","Crownfall star 1 description","set1/champions/astryon/star_1.png",""
"S1-113","astryon-2","Astryon","The Seven-Star Blade","★★","Ascension","Draft (playable, not yet balance-tested in a deck)","Tier IV · Epic","Astral","Duelist","↑1","9","7","Flight","Seven-Star Dance","Attack: Scorch 1 each rival champion. Once per turn, when Astryon defeats a champion on your turn, ready Astryon.","","My blades multiply.","Crownfall voice line (gains a star)","Gold-and-white armour; two celestial blades float at his back and constellations trail his strikes.","Crownfall star 2 description","set1/champions/astryon/star_2.png",""
"S1-114","astryon-3","Astryon","The Seven-Star Blade","★★★","Ascension","Draft (playable, not yet balance-tested in a deck)","Tier IV · Epic","Astral","Duelist","↑2","13","10","Flight","Seven-Star Dance","Attack: Scorch 2 each rival champion. Once per turn, when Astryon defeats a champion on your turn, ready Astryon.","Breaks 2 shards","Seven stars — fall!","Crownfall voice line (ultimate)","Cosmic armour, six spectral swords orbiting him and a starfield aura. His ultimate turns the arena to space.","Crownfall star 3 description","set1/champions/astryon/star_3.png",""
"S1-115","vespera","Queen Vespera","Monarch of the Umbral Court","★","Champion","Draft (playable, not yet balance-tested in a deck)","Tier IV · Epic","Umbral","Summoner","4","3","4","","Court of Shadows","Arrival: Summon two Court Shades.","","Vespera rules a court that exists only when no one is looking.","Crownfall lore","A pale shadow monarch on invisible stairs.","Crownfall star 1 description","set1/champions/vespera/star_1.png",""
"S1-116","vespera-2","Queen Vespera","Monarch of the Umbral Court","★★","Ascension","Draft (playable, not yet balance-tested in a deck)","Tier IV · Epic","Umbral","Summoner","↑1","6","7","","Court of Shadows","Ascend: Summon a Court Shade. Your other champions have +1 Might.","","My courtiers grow bold.","Crownfall voice line (gains a star)","Her train becomes a river of shadow courtiers.","Crownfall star 2 description","set1/champions/vespera/star_2.png",""
"S1-117","vespera-3","Queen Vespera","Monarch of the Umbral Court","★★★","Ascension","Draft (playable, not yet balance-tested in a deck)","Tier IV · Epic","Umbral","Summoner","↑2","9","10","","Court of Shadows","Ascend: Summon two Court Shades. Your other champions have +1 Might.","Breaks 2 shards","Rise, my court!","Crownfall voice line (ultimate)","A throne of night rises behind her; her crown is an eclipse.","Crownfall star 3 description","set1/champions/vespera/star_3.png",""
"S1-118","titanrho","Titan Rho","The Last Fortress","★","Champion","Draft (playable, not yet balance-tested in a deck)","Tier IV · Epic","Gearbound","Warden","5","3","8","Bulwark, Reach","","","","Titan Rho guarded a city for ten thousand years. It does not know the city fell.","Crownfall lore","An enormous ancient war machine on tread-legs.","Crownfall star 1 description","set1/champions/titanrho/star_1.png",""
"S1-119","titanrho-2","Titan Rho","The Last Fortress","★★","Ascension","Draft (playable, not yet balance-tested in a deck)","Tier IV · Epic","Gearbound","Warden","↑1","6","11","Bulwark, Reach","Fortress Mode","Ascend: Shield Titan Rho. Block: Scorch 2 the attacker.","","Fortress systems expanded.","Crownfall voice line (gains a star)","Fold-out cannon towers and a reactor crown.","Crownfall star 2 description","set1/champions/titanrho/star_2.png",""
"S1-120","titanrho-3","Titan Rho","The Last Fortress","★★★","Ascension","Draft (playable, not yet balance-tested in a deck)","Tier IV · Epic","Gearbound","Warden","↑2","9","14","Bulwark, Reach","Fortress Mode","Ascend: Shield each champion you control. Block: Scorch 3 the attacker.","Breaks 2 shards","Fortress mode.","Crownfall voice line (ultimate)","A walking citadel with a garrison of tiny brass drones.","Crownfall star 3 description","set1/champions/titanrho/star_3.png",""
"S1-121","pyrax","Pyrax","Dragon-Blooded","★","Champion","Starter deck: Blood & Ember (playtested)","Tier IV · Epic","Elemental","Bruiser","4","5","4","","","","","Pyrax's grandmother was a dragon. Pyrax intends to be one too.","Crownfall lore","A dragon-blooded warrior with ember scales on her arms.","Crownfall star 1 description","set1/champions/pyrax/star_1.png",""
"S1-122","pyrax-2","Pyrax","Dragon-Blooded","★★","Ascension","Starter deck: Blood & Ember (playtested)","Tier IV · Epic","Elemental","Bruiser","↑1","8","8","","Dragonheart","Ascend: Scorch 1 each rival champion.","","The dragon wakes.","Crownfall voice line (gains a star)","Horns and a burning tail; half her body is scaled.","Crownfall star 2 description","set1/champions/pyrax/star_2.png",""
"S1-123","pyrax-3","Pyrax","Dragon-Blooded","★★★","Ascension","Starter deck: Blood & Ember (playtested)","Tier IV · Epic","Elemental","Bruiser","↑2","11","11","","Dragonheart","Ascend: Scorch 2 each rival champion. Attack: Scorch 2 the defender.","Breaks 2 shards","Breathe fire!","Crownfall voice line (ultimate)","She becomes a dragon in all but wings, and the wings are coming.","Crownfall star 3 description","set1/champions/pyrax/star_3.png",""
"S1-124","elysian","Elysian","Grace of the Firmament","★","Champion","Draft (playable, not yet balance-tested in a deck)","Tier IV · Epic","Astral","Mystic","5","3","6","Flight","Divine Intervention","Arrival: Shield each champion you control.","","Elysian does not believe anyone deserves to die in the Crownfall. The Crownfall disagrees.","Crownfall lore","A serene celestial healer with feathered wings.","Crownfall star 1 description","set1/champions/elysian/star_1.png",""
"S1-125","elysian-2","Elysian","Grace of the Firmament","★★","Ascension","Draft (playable, not yet balance-tested in a deck)","Tier IV · Epic","Astral","Mystic","↑1","6","9","Flight","Divine Intervention","Ascend: Shield each champion you control. Your other champions have +1 Guard.","","My wings shelter many.","Crownfall voice line (gains a star)","A second pair of wings and a halo of script.","Crownfall star 2 description","set1/champions/elysian/star_2.png",""
"S1-126","elysian-3","Elysian","Grace of the Firmament","★★★","Ascension","Draft (playable, not yet balance-tested in a deck)","Tier IV · Epic","Astral","Mystic","↑2","9","12","Flight","Divine Intervention","Ascend: Shield each champion you control, then Mend 1.","Breaks 2 shards","Not yet — live!","Crownfall voice line (ultimate)","A seraph of the firmament; her wings are made of dawn.","Crownfall star 3 description","set1/champions/elysian/star_3.png",""
"S1-127","varr","General Varr","The Unbroken Line","★","Champion","Starter deck: Banner of the Realm (playtested)","Tier IV · Epic","Kingdom","Commander · Vanguard","5","4","6","Bulwark","Hold the Line","Your other champions have +1 Guard.","","Varr has held every line he was given. He was never given the Crown.","Crownfall lore","A grizzled kingdom commander with a tower shield.","Crownfall star 1 description","set1/champions/varr/star_1.png",""
"S1-128","varr-2","General Varr","The Unbroken Line","★★","Ascension","Draft (playable, not yet balance-tested in a deck)","Tier IV · Epic","Kingdom","Commander · Vanguard","↑1","7","9","Bulwark","Hold the Line","Ascend: Shield each champion you control. Your other champions have +1 Guard.","","The line does not break.","Crownfall voice line (gains a star)","Medals of every war and a banner-spear.","Crownfall star 2 description","set1/champions/varr/star_2.png",""
"S1-129","varr-3","General Varr","The Unbroken Line","★★★","Ascension","Draft (playable, not yet balance-tested in a deck)","Tier IV · Epic","Kingdom","Commander · Vanguard","↑2","10","12","Bulwark","Hold the Line","Ascend: Shield each champion you control. Your other champions have +2 Guard.","Breaks 2 shards","Hold the line!","Crownfall voice line (ultimate)","A legend of the line, flanked by phantom shieldbearers.","Crownfall star 3 description","set1/champions/varr/star_3.png",""
"S1-130","veilwalker","Veilwalker","The Anomaly","★","Champion","Draft (playable, not yet balance-tested in a deck)","Tier IV · Epic","Riftborn","Assassin","4","6","3","Flight, Ambush","","","","The Veilwalker is what happens when a door between worlds learns to walk.","Crownfall lore","A living dimensional anomaly in a tattered shape.","Crownfall star 1 description","set1/champions/veilwalker/star_1.png",""
"S1-131","veilwalker-2","Veilwalker","The Anomaly","★★","Ascension","Draft (playable, not yet balance-tested in a deck)","Tier IV · Epic","Riftborn","Assassin","↑1","9","6","Flight, Ambush","Reality Cut","Attack: Scorch 2 the defender.","","* more of the world goes missing *","Crownfall voice line (gains a star)","Its edges tear into other skies.","Crownfall star 2 description","set1/champions/veilwalker/star_2.png",""
"S1-132","veilwalker-3","Veilwalker","The Anomaly","★★★","Ascension","Draft (playable, not yet balance-tested in a deck)","Tier IV · Epic","Riftborn","Assassin","↑2","13","8","Flight, Ambush","Reality Cut","Ascend: Defeat each rival champion with Guard 2 or less. Attack: Scorch 2 the defender.","Breaks 2 shards","Between here — and there.","Crownfall voice line (ultimate)","A hole in the world holding a blade.","Crownfall star 3 description","set1/champions/veilwalker/star_3.png",""
"S1-133","gaia","Gaia Prime","The Worldroot","★","Champion","Draft (playable, not yet balance-tested in a deck)","Tier IV · Epic","Verdant","Warden","5","3","7","Bulwark","Worldroot","Arrival: Scorch 2 each rival champion.","","Gaia Prime was old when the Crownfall was built. She remembers who built it.","Crownfall lore","An ancient living tree titan.","Crownfall star 1 description","set1/champions/gaia/star_1.png",""
"S1-134","gaia-2","Gaia Prime","The Worldroot","★★","Ascension","Draft (playable, not yet balance-tested in a deck)","Tier IV · Epic","Verdant","Warden","↑1","6","10","Bulwark","Worldroot","Ascend: Scorch 2 each rival champion. Your other champions have +1 Guard.","","The forest walks with me.","Crownfall voice line (gains a star)","Blossoms and a canopy crown; birds nest in her shoulders.","Crownfall star 2 description","set1/champions/gaia/star_2.png",""
"S1-135","gaia-3","Gaia Prime","The Worldroot","★★★","Ascension","Draft (playable, not yet balance-tested in a deck)","Tier IV · Epic","Verdant","Warden","↑2","9","13","Bulwark","Worldroot","Ascend: Scorch 3 each rival champion. Your other champions have +1 Guard.","Breaks 2 shards","Worldroot!","Crownfall voice line (ultimate)","A walking forest; the ground turns green where she stands.","Crownfall star 3 description","set1/champions/gaia/star_3.png",""
"S1-136","ladyvolt","Lady Volt","Thunder in Heels","★","Champion","Draft (playable, not yet balance-tested in a deck)","Tier IV · Epic","Voltborn","Duelist","4","5","3","Charge","Thunderstep","Once per turn, when Lady Volt defeats a champion on your turn, ready Lady Volt.","","Lady Volt has never lost a duel. She considers most battles to be several duels at once.","Crownfall lore","An elite lightning duelist with a rapier.","Crownfall star 1 description","set1/champions/ladyvolt/star_1.png",""
"S1-137","ladyvolt-2","Lady Volt","Thunder in Heels","★★","Ascension","Draft (playable, not yet balance-tested in a deck)","Tier IV · Epic","Voltborn","Duelist","↑1","8","6","Charge","Thunderstep","Attack: Scorch 1 each rival champion. Once per turn, when Lady Volt defeats a champion on your turn, ready Lady Volt.","","Lightning, en garde.","Crownfall voice line (gains a star)","Storm-silver armour; her hair crackles.","Crownfall star 2 description","set1/champions/ladyvolt/star_2.png",""
"S1-138","ladyvolt-3","Lady Volt","Thunder in Heels","★★★","Ascension","Draft (playable, not yet balance-tested in a deck)","Tier IV · Epic","Voltborn","Duelist","↑2","12","9","Charge","Thunderstep","Ascend: Ready another champion you control. Once per turn, when Lady Volt defeats a champion on your turn, ready Lady Volt.","Breaks 2 shards","Thunderstep!","Crownfall voice line (ultimate)","She is lightning with a sword; thunder arrives a heartbeat after her.","Crownfall star 3 description","set1/champions/ladyvolt/star_3.png",""
"S1-139","vessimer","Vessimer","The Tinctor","★","Champion","Draft (playable, not yet balance-tested in a deck)","Tier IV · Epic","Hexbound","Saboteur","4","3","4","","Grand Experiment","Arrival: Scorch 2 a rival champion. A rival champion gets −2 Might this turn.","","Nobody has seen Vessimer's face. Vessimer is not sure he still has one.","Crownfall lore","A masked chemist with a bandolier of vials.","Crownfall star 1 description","set1/champions/vessimer/star_1.png",""
"S1-140","vessimer-2","Vessimer","The Tinctor","★★","Ascension","Draft (playable, not yet balance-tested in a deck)","Tier IV · Epic","Hexbound","Saboteur","↑1","6","7","","Grand Experiment","Ascend: Scorch 2 each rival champion. Shield a champion you control.","","The formula improves.","Crownfall voice line (gains a star)","Brass apparatus hisses on his back.","Crownfall star 2 description","set1/champions/vessimer/star_2.png",""
"S1-141","vessimer-3","Vessimer","The Tinctor","★★★","Ascension","Draft (playable, not yet balance-tested in a deck)","Tier IV · Epic","Hexbound","Saboteur","↑2","9","10","","Grand Experiment","Ascend: Scorch 2 each rival champion. Shield each champion you control. Draw a card.","Breaks 2 shards","Tinctures — away!","Crownfall voice line (ultimate)","A mobile laboratory of floating flasks and glowing tubes.","Crownfall star 3 description","set1/champions/vessimer/star_3.png",""
"S1-142","aurex","Aurex","The Last Dragon","★","Champion","Starter deck: Blood & Ember (playtested)","Tier V · Mythic","Wyrmblood","Ascendant · Bruiser","6","7","8","Ascendant","WORLD IN FLAMES","Arrival: Scorch 2 each rival champion.","","Every dragon died for the Crown. Aurex is here to find out whether it was worth it.","Crownfall lore","A massive dragon warrior.","Crownfall star 1 description","set1/champions/aurex/star_1.png",""
"S1-143","aurex-2","Aurex","The Last Dragon","★★","Ascension","Starter deck: Blood & Ember (playtested)","Tier V · Mythic","Wyrmblood","Ascendant · Bruiser","↑2","9","9","Ascendant, Flight","WORLD IN FLAMES","Attack: Scorch 2 the defender.","","My wings remember the sky.","Crownfall voice line (gains a star)","Molten armour grows over his wings; fire leaks from every seam.","Crownfall star 2 description","set1/champions/aurex/star_2.png",""
"S1-144","aurex-3","Aurex","The Last Dragon","★★★","Ascension","Starter deck: Blood & Ember (playtested)","Tier V · Mythic","Wyrmblood","Ascendant · Bruiser","↑3","13","12","Ascendant, Flight","WORLD IN FLAMES","Ascend: Defeat each rival champion with Guard 3 or less. Your other champions can’t attack this turn.","Breaks 2 shards","Let the world burn!","Crownfall voice line (ultimate)","A full celestial dragon. The sky turns red and flames surround the arena.","Crownfall star 3 description","set1/champions/aurex/star_3.png",""
"S1-145","noctara","Noctara","Empress of Nothing","★","Champion","Draft (playable, not yet balance-tested in a deck)","Tier V · Mythic","Umbral","Ascendant · Arcanist","6","6","7","Ascendant","THE UNMAKING","Arrival: Scorch 2 each rival champion.","","Noctara ruled an empire until it disappeared. She is not sure she did not do it.","Crownfall lore","An empress robed in the space between stars.","Crownfall star 1 description","set1/champions/noctara/star_1.png",""
"S1-146","noctara-2","Noctara","Empress of Nothing","★★","Ascension","Draft (playable, not yet balance-tested in a deck)","Tier V · Mythic","Umbral","Ascendant · Arcanist","↑2","8","10","Ascendant, Flight","THE UNMAKING","Ascend: A rival champion gets −4 Might this turn. Scorch 3 a rival champion.","","The void deepens.","Crownfall voice line (gains a star)","Her crown becomes an eclipse; small voids orbit her.","Crownfall star 2 description","set1/champions/noctara/star_2.png",""
"S1-147","noctara-3","Noctara","Empress of Nothing","★★★","Ascension","Draft (playable, not yet balance-tested in a deck)","Tier V · Mythic","Umbral","Ascendant · Arcanist","↑3","12","13","Ascendant, Flight","THE UNMAKING","Ascend: Defeat each rival champion with Guard 4 or less. Your other champions can’t attack this turn.","Breaks 2 shards","Be unmade.","Crownfall voice line (ultimate)","She is a doorway to nothing. The battlefield becomes the void.","Crownfall star 3 description","set1/champions/noctara/star_3.png",""
"S1-148","atlas","ATLAS-Ω","Final-Generation War Machine","★","Champion","Draft (playable, not yet balance-tested in a deck)","Tier V · Mythic","Gearbound","Ascendant · Warden","6","4","10","Ascendant, Bulwark","OMEGA PROTOCOL","Arrival: Shield ATLAS-Ω.","","ATLAS-Ω was built to end a war. It did. It is still waiting for its next order.","Crownfall lore","A gigantic final-generation war machine.","Crownfall star 1 description","set1/champions/atlas/star_1.png",""
"S1-149","atlas-2","ATLAS-Ω","Final-Generation War Machine","★★","Ascension","Draft (playable, not yet balance-tested in a deck)","Tier V · Mythic","Gearbound","Ascendant · Warden","↑2","7","13","Ascendant, Bulwark, Reach","OMEGA PROTOCOL","Your other champions have +1 Guard.","","Weapon systems expanded.","Crownfall voice line (gains a star)","Shoulder cannons and a reactor halo.","Crownfall star 2 description","set1/champions/atlas/star_2.png",""
"S1-150","atlas-3","ATLAS-Ω","Final-Generation War Machine","★★★","Ascension","Draft (playable, not yet balance-tested in a deck)","Tier V · Mythic","Gearbound","Ascendant · Warden","↑3","11","16","Ascendant, Bulwark, Reach","OMEGA PROTOCOL","Ascend: Scorch 3 each rival champion. Attack: Scorch 3 each rival champion.","Breaks 2 shards","Omega protocol engaged.","Crownfall voice line (ultimate)","A titan of the last war: a sun burns in its chest.","Crownfall star 3 description","set1/champions/atlas/star_3.png",""
"S1-151","sol","Sol","The First Light","★","Champion","Starter deck: Banner of the Realm (playtested)","Tier V · Mythic","Dawnforged","Ascendant · Mystic","6","5","7","Ascendant","DAWN","Arrival: Shield each champion you control.","","Before anything, there was Sol. Sol would like it back that way.","Crownfall lore","The first light given a body.","Crownfall star 1 description","set1/champions/sol/star_1.png",""
"S1-152","sol-2","Sol","The First Light","★★","Ascension","Starter deck: Banner of the Realm (playtested)","Tier V · Mythic","Dawnforged","Ascendant · Mystic","↑2","8","10","Ascendant, Flight","DAWN","Ascend: Shield each champion you control.","","Brighter than the first morning.","Crownfall voice line (gains a star)","A corona and four wings of light.","Crownfall star 2 description","set1/champions/sol/star_2.png",""
"S1-153","sol-3","Sol","The First Light","★★★","Ascension","Starter deck: Banner of the Realm (playtested)","Tier V · Mythic","Dawnforged","Ascendant · Mystic","↑3","12","13","Ascendant, Flight","DAWN","Ascend: Scorch 3 each rival champion, then Mend 1.","Breaks 2 shards","Let there be DAWN!","Crownfall voice line (ultimate)","A miniature sun hangs above the arena.","Crownfall star 3 description","set1/champions/sol/star_3.png",""
"S1-154","unwritten","The Unwritten King","Lord of the Forgotten","★","Champion","Draft (playable, not yet balance-tested in a deck)","Tier V · Mythic","Hollow","Ascendant · Summoner","6","5","7","Ascendant","THE FORGOTTEN LEGION","Arrival: Summon two Fallen Warriors.","","His name was erased from every record. He wants the Crown to write it back.","Crownfall lore","A skeletal king on a throne of shields.","Crownfall star 1 description","set1/champions/unwritten/star_1.png",""
"S1-155","unwritten-2","The Unwritten King","Lord of the Forgotten","★★","Ascension","Draft (playable, not yet balance-tested in a deck)","Tier V · Mythic","Hollow","Ascendant · Summoner","↑2","8","10","Ascendant","THE FORGOTTEN LEGION","Ascend: Deploy a ★ champion costing 3 or less from your Fallen pile for free.","","The forgotten answer.","Crownfall voice line (gains a star)","A spectral legion stands behind him.","Crownfall star 2 description","set1/champions/unwritten/star_2.png",""
"S1-156","unwritten-3","The Unwritten King","Lord of the Forgotten","★★★","Ascension","Draft (playable, not yet balance-tested in a deck)","Tier V · Mythic","Hollow","Ascendant · Summoner","↑3","12","13","Ascendant","THE FORGOTTEN LEGION","Ascend: Deploy a ★ champion costing 4 or less from your Fallen pile for free. Summon a Fallen Warrior. Your other champions have +1 Might.","Breaks 2 shards","Legion — rise!","Crownfall voice line (ultimate)","He remembers his name, and the dead answer it.","Crownfall star 3 description","set1/champions/unwritten/star_3.png",""
"S1-157","veyra","Veyra Sol","Reality Hunter","★","Champion","Draft (playable, not yet balance-tested in a deck)","Tier V · Mythic","Riftborn","Ascendant · Assassin","6","8","5","Ascendant, Flight, Ambush","","","","Veyra hunts things that escape between worlds. The Crown is the biggest one yet.","Crownfall lore","A huntress with portal-rings on her wrists.","Crownfall star 1 description","set1/champions/veyra/star_1.png",""
"S1-158","veyra-2","Veyra Sol","Reality Hunter","★★","Ascension","Draft (playable, not yet balance-tested in a deck)","Tier V · Mythic","Riftborn","Ascendant · Assassin","↑2","11","8","Ascendant, Flight, Ambush","BETWEEN WORLDS","Once per turn, when Veyra Sol defeats a champion on your turn, ready Veyra Sol.","","I hunt in all of them now.","Crownfall voice line (gains a star)","Her cloak is a window into other worlds.","Crownfall star 2 description","set1/champions/veyra/star_2.png",""
"S1-159","veyra-3","Veyra Sol","Reality Hunter","★★★","Ascension","Draft (playable, not yet balance-tested in a deck)","Tier V · Mythic","Riftborn","Ascendant · Assassin","↑3","15","11","Ascendant, Flight, Ambush","BETWEEN WORLDS","Attack: Scorch 3 the defender. Once per turn, when Veyra Sol defeats a champion on your turn, ready Veyra Sol.","Breaks 2 shards","Between worlds!","Crownfall voice line (ultimate)","She exists in every reality at once, and all of them are hunting.","Crownfall star 3 description","set1/champions/veyra/star_3.png",""
"S1-160","mother","Mother Verdant","Life Eternal","★","Champion","Draft (playable, not yet balance-tested in a deck)","Tier V · Mythic","Verdant","Ascendant · Summoner","6","4","9","Ascendant","LIFE ETERNAL","Arrival: Summon a Treant. Shield each champion you control.","","Every forest in every world is one of her children. She would like the Crown for the last one.","Crownfall lore","The mother of forests, crowned in blossom.","Crownfall star 1 description","set1/champions/mother/star_1.png",""
"S1-161","mother-2","Mother Verdant","Life Eternal","★★","Ascension","Draft (playable, not yet balance-tested in a deck)","Tier V · Mythic","Verdant","Ascendant · Summoner","↑2","7","12","Ascendant","LIFE ETERNAL","Ascend: Summon two Treants. Return a ★ champion from your Fallen pile to your hand.","","Spring has no end.","Crownfall voice line (gains a star)","Her train is a meadow; deer of light follow her.","Crownfall star 2 description","set1/champions/mother/star_2.png",""
"S1-162","mother-3","Mother Verdant","Life Eternal","★★★","Ascension","Draft (playable, not yet balance-tested in a deck)","Tier V · Mythic","Verdant","Ascendant · Summoner","↑3","10","15","Ascendant","LIFE ETERNAL","Ascend: Deploy a ★ champion costing 3 or less from your Fallen pile for free. Shield each champion you control. Mend 1.","Breaks 2 shards","Life eternal!","Crownfall voice line (ultimate)","A goddess of green whose every step is spring.","Crownfall star 3 description","set1/champions/mother/star_3.png",""
"S1-163","crownless","Crownless","The One Who Refused","★","Champion","Draft (playable, not yet balance-tested in a deck)","Tier V · Mythic","Crownless","Ascendant","6","7","7","Ascendant, Charge","","","","Once, someone won the Crownfall. They refused the Crown. Nobody has explained why.","Crownfall lore","A figure in broken regalia whose face is hidden.","Crownfall star 1 description","set1/champions/crownless/star_1.png",""
"S1-164","crownless-2","Crownless","The One Who Refused","★★","Ascension","Draft (playable, not yet balance-tested in a deck)","Tier V · Mythic","Crownless","Ascendant","↑2","10","10","Ascendant, Charge, Ambush","BREAK THE RULES","Ascend: Ready Crownless. (It ignores the rule that Ascending turns a champion sideways.)","","The rules bend.","Crownfall voice line (gains a star)","Cracks of Crown-light spread through the armour.","Crownfall star 2 description","set1/champions/crownless/star_2.png",""
"S1-165","crownless-3","Crownless","The One Who Refused","★★★","Ascension","Draft (playable, not yet balance-tested in a deck)","Tier V · Mythic","Crownless","Ascendant","↑3","14","13","Ascendant, Charge, Ambush, Flight","BREAK THE RULES","Ascend: Ready Crownless.","Breaks 2 shards","I refuse your rules.","Crownfall voice line (ultimate)","The Crown's own power, worn as a body. Reality fractures around him.","Crownfall star 3 description","set1/champions/crownless/star_3.png",""
"S1-166","token-starling","Starling","","","Token","Token (made by other cards; not in decks)","","","","","1","1","Flight","","","","","None (no canon line)","A small bird of starlight darting across the night sky.","PROPOSED (canonical unit, no visual description in canon)","set1/tokens/starling.png",""
"S1-167","token-turret","Arc Turret","","","Token","Token (made by other cards; not in decks)","","","","","2","2","Reach","","","","","None (no canon line)","A compact arc turret crackling with blue lightning.","PROPOSED (canonical unit, no visual description in canon)","set1/tokens/turret.png",""
"S1-168","token-skeleton","Risen Soldier","","","Token","Token (made by other cards; not in decks)","","","","","2","1","","","","","","None (no canon line)","A risen soldier in rusted armour clawing up out of the ground.","PROPOSED (canonical unit, no visual description in canon)","set1/tokens/skeleton.png",""
"S1-169","token-shadow","Court Shade","","","Token","Token (made by other cards; not in decks)","","","","","2","1","Ambush","","","","","None (no canon line)","A courtly figure made of shadow, bowing with a hidden blade.","PROPOSED (canonical unit, no visual description in canon)","set1/tokens/shadow.png",""
"S1-170","token-grove_treant","Treant","","","Token","Token (made by other cards; not in decks)","","","","","1","4","Bulwark","","","","","None (no canon line)","A young treant stepping out of a grove, leaves rustling.","PROPOSED (canonical unit, no visual description in canon)","set1/tokens/grove_treant.png",""
"S1-171","token-fallen","Fallen Warrior","","","Token","Token (made by other cards; not in decks)","","","","","3","2","","","","","","None (no canon line)","A ghostly fallen warrior answering a royal summons.","PROPOSED (canonical unit, no visual description in canon)","set1/tokens/fallen.png",""
"S1-172","token-crownling","Crownling","","","Token","Token (made by other cards; not in decks)","","","","","1","1","Charge","","","","","None (no canon line)","A tiny crowned sprite carrying a sliver of the crown.","PROPOSED (canonical unit, no visual description in canon)","set1/tokens/crownling.png",""
"S1-173","token-dummy","Crown Dummy","","","Token","Token (made by other cards; not in decks)","","","","","0","5","Bulwark","","","","","None (no canon line)","A straw training dummy wearing a paper crown, propped up in the arena.","PROPOSED (canonical unit, no visual description in canon)","set1/tokens/dummy.png",""
"S1-174","rally-banners","Sharpened Steel","War Crown · Common","","Tactic","Starter deck: Banner of the Realm (playtested)","","","","1","","","","","Your champions get +1 Might this turn.","","","None yet. Crownfall effect for reference: “Your army gains 10% attack damage.”","Kingdom banners in blue and gold raised over a line of soldiers at dawn, every blade lifted at once.","PROPOSED","set1/spells/rally-banners.png",""
"S1-175","reinforcements","Reserve Guard","War Crown · Common","","Tactic","Starter deck: Banner of the Realm (playtested)","","","","2","","","Shardfall","","Deploy a ★ champion costing 2 or less from your hand for free.","","","None yet. Crownfall effect for reference: “Your army gains 45 health for every champion waiting on your bench.”","Fresh Kingdom soldiers pouring through a castle gate into the arena, shields first.","PROPOSED","set1/spells/reinforcements.png",""
"S1-176","royal-dispatch","Royal Dispatch","","","Tactic","Starter deck: Banner of the Realm (playtested)","","","","2","","","","","Draw 2 cards.","","","None yet","A falcon carrying a sealed royal letter stamped with the crown sigil, high over the arena.","PROPOSED","set1/spells/royal-dispatch.png",""
"S1-177","shield-wall","Frontline Doctrine","War Crown · Rare","","Tactic","Starter deck: Banner of the Realm (playtested)","","","","2","","","","","Shield up to two champions you control.","","","None yet. Crownfall effect for reference: “Champions in your front two rows gain 300 health.”","Tower shields locked edge to edge, glowing with soft dawn light.","PROPOSED","set1/spells/shield-wall.png",""
"S1-178","first-light","First Light","","","Swift Tactic","Starter deck: Banner of the Realm (playtested)","","","","1","","","","","A champion gets +2 Guard this turn.","","","None yet","The first ray of sunrise striking a champion’s armour and turning it gold.","PROPOSED","set1/spells/first-light.png",""
"S1-179","dawnward-oath","Dawnward Oath","","","Scheme","Starter deck: Banner of the Realm (playtested)","","","","1","","","","","Spring when a rival champion attacks: Shield one of your champions.","","","None yet","A kneeling knight with sword raised as a sun-shaped ward forms around an ally.","PROPOSED","set1/spells/dawnward-oath.png",""
"S1-180","hold-the-gate","Hold the Gate","","","Scheme","Starter deck: Banner of the Realm (playtested)","","","","0","","","Shardfall","","Spring when a rival champion attacks your Crown and is not blocked: ready one of your champions; it blocks that attack.","","","None yet","A lone defender bracing an arena gate as a charging attacker crashes into it.","PROPOSED","set1/spells/hold-the-gate.png",""
"S1-181","arrow-volley","Arrow Volley","","","Scheme","Starter deck: Banner of the Realm (playtested)","","","","1","","","","","Spring when a rival champion attacks: it gets −2 Might this turn.","","","None yet","A sky full of arrows arcing down over the arena, sunlight glinting on the heads.","PROPOSED","set1/spells/arrow-volley.png",""
"S1-182","firebolt","Firebolt","","","Tactic","Starter deck: Blood & Ember (playtested)","","","","1","","","","","Scorch 2 a rival champion.","","","None yet","A spiralling bolt of flame streaking across the arena, trailing embers.","PROPOSED","set1/spells/firebolt.png",""
"S1-183","firestorm","Wildfire","Chaos Crown · Epic","","Tactic","Starter deck: Blood & Ember (playtested)","","","","2","","","","","Scorch 1 each rival champion. Draw a card.","","","None yet. Crownfall effect for reference: “At combat start, 3 random enemy champions burn for true damage equal to 20% of their max health over 5s.”","Fire raining across the battlefield, the sky orange with drifting embers.","PROPOSED","set1/spells/firestorm.png",""
"S1-184","feral-howl","Wildkin Pact","War Crown · Epic","","Tactic","Starter deck: Blood & Ember (playtested)","","","","1","","","","","Your champions get +1 Might this turn, or +2 if you have fewer shards than your rival.","","","None yet. Crownfall effect for reference: “Your army counts one extra Wildkin, and Wildkin turn feral below 70% health instead of 50%.”","A wolf pack howling at a blood-red moon, breath steaming.","PROPOSED","set1/spells/feral-howl.png",""
"S1-185","return-to-fire","Rebirth Rite","Creation Crown · Epic","","Tactic","Starter deck: Blood & Ember (playtested)","","","","2","","","Shardfall","","Return up to two ★ champions from your Fallen pile to your hand.","","","None yet. Crownfall effect for reference: “The first of your champions to fall each combat returns 2s later at full health, dealing 50% more damage.”","Silhouettes of fallen warriors re-forming out of rising embers.","PROPOSED","set1/spells/return-to-fire.png",""
"S1-186","flare-up","Chaotic Surge","Chaos Crown · Rare","","Swift Tactic","Starter deck: Blood & Ember (playtested)","","","","1","","","","","A champion gets +2 Might this turn.","","","None yet. Crownfall effect for reference: “At combat start, a random ally gains 60% attack damage, 60 ability power and 60% attack speed.”","A champion’s weapon erupting in sudden white-hot flame.","PROPOSED","set1/spells/flare-up.png",""
"S1-187","kindling","Kindling","","","Tactic","Starter deck: Blood & Ember (playtested)","","","","0","","","Shardfall","","Draw a card.","","","None yet","A single spark catching in dry grass and growing into a flame.","PROPOSED","set1/spells/kindling.png",""
"S1-188","bloodscent","Bloodscent","","","Scheme","Starter deck: Blood & Ember (playtested)","","","","0","","","Shardfall","","Spring when one of your champions is attacked or blocks: it gets +3 Guard this turn.","","","None yet","A wolf with its nose to the ground, glowing red scent trails leading across the arena.","PROPOSED","set1/spells/bloodscent.png",""
"S1-189","ember-trap","Ember Trap","","","Scheme","Starter deck: Blood & Ember (playtested)","","","","1","","","","","Spring when a rival champion attacks: Scorch 2 it.","","","None yet","Hidden embers bursting up from cracks in the arena floor beneath an attacker’s feet.","PROPOSED","set1/spells/ember-trap.png",""
"S1-190","cinder-veil","Cinder Veil","","","Scheme","Starter deck: Blood & Ember (playtested)","","","","1","","","","","Spring when a rival champion attacks your Crown: that attack ends. No shards break.","","","None yet","A curtain of ash and smoke swallowing an incoming charge.","PROPOSED","set1/spells/cinder-veil.png",""
"S1-191","empty_throne","The Empty Throne","War Crown · Rare","","Tactic","Draft (playable, not yet balance-tested in a deck)","","","","2","","","","","If you control 3 or fewer champions, your champions get +2 Might and +1 Guard this turn.","","","None yet. Crownfall effect for reference: “If you leave at least one board slot empty, your army deals 25% more damage and gains 250 health.”","War Crown power: a combat power scene that shows “The Empty Throne” at work in the arena, framed by the War Crown sigil (⚔) in its school colour #ff6b5a.","PROPOSED (school template — refine in the studio)","set1/spells/empty_throne.png",""
"S1-192","battle_hymn","Battle Hymn","War Crown · Rare","","Tactic","Draft (playable, not yet balance-tested in a deck)","","","","2","","","","","Ready another champion you control.","","","None yet. Crownfall effect for reference: “Your army gains 15% attack speed.”","War Crown power: a combat power scene that shows “Battle Hymn” at work in the arena, framed by the War Crown sigil (⚔) in its school colour #ff6b5a.","PROPOSED (school template — refine in the studio)","set1/spells/battle_hymn.png",""
"S1-193","back_doctrine","Backline Doctrine","War Crown · Rare","","Swift Tactic","Draft (playable, not yet balance-tested in a deck)","","","","1","","","","","A champion gets +3 Might this turn.","","","None yet. Crownfall effect for reference: “Champions in your back two rows deal 18% more damage.”","War Crown power: a combat power scene that shows “Backline Doctrine” at work in the arena, framed by the War Crown sigil (⚔) in its school colour #ff6b5a.","PROPOSED (school template — refine in the studio)","set1/spells/back_doctrine.png",""
"S1-194","executioner","Executioner's Oath","War Crown · Epic","","Tactic","Draft (playable, not yet balance-tested in a deck)","","","","2","","","","","Defeat each rival champion with Guard 1 or less.","","","None yet. Crownfall effect for reference: “Your army executes enemies below 10% health.”","War Crown power: a combat power scene that shows “Executioner's Oath” at work in the arena, framed by the War Crown sigil (⚔) in its school colour #ff6b5a.","PROPOSED (school template — refine in the studio)","set1/spells/executioner.png",""
"S1-195","opening_salvo","Opening Salvo","War Crown · Epic","","Tactic","Draft (playable, not yet balance-tested in a deck)","","","","1","","","","","Your champions get +1 Might this turn. Draw a card.","","","None yet. Crownfall effect for reference: “Your army starts combat with 30 extra energy.”","War Crown power: a combat power scene that shows “Opening Salvo” at work in the arena, framed by the War Crown sigil (⚔) in its school colour #ff6b5a.","PROPOSED (school template — refine in the studio)","set1/spells/opening_salvo.png",""
"S1-196","fallen_crown","Crown of the Fallen","War Crown · Rare","","Tactic","Draft (playable, not yet balance-tested in a deck)","","","","1","","","","","Your champions get +1 Might this turn, or +3 if you have fewer shards than your rival.","","","None yet. Crownfall effect for reference: “Your army deals 1% more damage for every 3 health your Sovereign is missing.”","War Crown power: a combat power scene that shows “Crown of the Fallen” at work in the arena, framed by the War Crown sigil (⚔) in its school colour #ff6b5a.","PROPOSED (school template — refine in the studio)","set1/spells/fallen_crown.png",""
"S1-197","last_stand","Last Stand","War Crown · Epic","","Scheme","Draft (playable, not yet balance-tested in a deck)","","","","0","","","","","Spring when one of your champions is attacked or blocks: it gets +3 Might this turn.","","","None yet. Crownfall effect for reference: “Whenever an ally dies, your surviving army gains 8% attack speed (stacking).”","War Crown power: a combat power scene that shows “Last Stand” at work in the arena, framed by the War Crown sigil (⚔) in its school colour #ff6b5a.","PROPOSED (school template — refine in the studio)","set1/spells/last_stand.png",""
"S1-198","crown_of_war","Crown of War","War Crown · Exalted","","Tactic","Draft (playable, not yet balance-tested in a deck)","","","","4","","","","","Your champions get +2 Might and +1 Guard this turn.","","","None yet. Crownfall effect for reference: “Your army gains 20% attack damage, 20 ability power and 15% attack speed.”","War Crown power: a combat power scene that shows “Crown of War” at work in the arena, framed by the War Crown sigil (⚔) in its school colour #ff6b5a.","PROPOSED (school template — refine in the studio)","set1/spells/crown_of_war.png",""
"S1-199","royal_treasury","Royal Treasury","Fortune Crown · Epic","","Tactic","Draft (playable, not yet balance-tested in a deck)","","","","1","","","","","Gain 2 Command. Draw a card.","","","None yet. Crownfall effect for reference: “Interest is paid for every 8 Crowns you hold instead of every 10 (still at most +5).”","Fortune Crown power: a economy scene that shows “Royal Treasury” at work in the arena, framed by the Fortune Crown sigil (◉) in its school colour #ffd66b.","PROPOSED (school template — refine in the studio)","set1/spells/royal_treasury.png",""
"S1-200","golden_parting","Golden Parting","Fortune Crown · Common","","Tactic","Draft (playable, not yet balance-tested in a deck)","","","","1","","","","","Draw a card. Gain 1 Command.","","","None yet. Crownfall effect for reference: “Gain 5 Crowns now. Selling a ★★ champion gives 3 extra Crowns; a ★★★ gives 10 extra.”","Fortune Crown power: a economy scene that shows “Golden Parting” at work in the arena, framed by the Fortune Crown sigil (◉) in its school colour #ffd66b.","PROPOSED (school template — refine in the studio)","set1/spells/golden_parting.png",""
"S1-201","steady_coffers","Steady Coffers","Fortune Crown · Common","","Tactic","Draft (playable, not yet balance-tested in a deck)","","","","0","","","Shardfall","","Gain 1 Command.","","","None yet. Crownfall effect for reference: “Gain 1 extra Crown every round.”","Fortune Crown power: a economy scene that shows “Steady Coffers” at work in the arena, framed by the Fortune Crown sigil (◉) in its school colour #ffd66b.","PROPOSED (school template — refine in the studio)","set1/spells/steady_coffers.png",""
"S1-202","crown_bond","Crown Bond","Fortune Crown · Epic","","Tactic","Draft (playable, not yet balance-tested in a deck)","","","","2","","","","","Draw 3 cards.","","","None yet. Crownfall effect for reference: “Invest up to 20 of your Crowns now. After 5 more rounds, the bond pays out 2.5× what you invested. Buying XP costs 3 Crowns.”","Fortune Crown power: a economy scene that shows “Crown Bond” at work in the arena, framed by the Fortune Crown sigil (◉) in its school colour #ffd66b.","PROPOSED (school template — refine in the studio)","set1/spells/crown_bond.png",""
"S1-203","deep_vault","Deep Vault","Fortune Crown · Rare","","Tactic","Draft (playable, not yet balance-tested in a deck)","","","","2","","","","","Gain 2 Command. Draw a card.","","","None yet. Crownfall effect for reference: “While you hold 50 or more Crowns at the start of a round, gain 2 bonus Crowns.”","Fortune Crown power: a economy scene that shows “Deep Vault” at work in the arena, framed by the Fortune Crown sigil (◉) in its school colour #ffd66b.","PROPOSED (school template — refine in the studio)","set1/spells/deep_vault.png",""
"S1-204","free_rolls","Free Rolls","Fortune Crown · Rare","","Tactic","Draft (playable, not yet balance-tested in a deck)","","","","0","","","","","Put a card from your hand on the bottom of your deck, then draw a card.","","","None yet. Crownfall effect for reference: “Gain 1 free reroll every round.”","Fortune Crown power: a economy scene that shows “Free Rolls” at work in the arena, framed by the Fortune Crown sigil (◉) in its school colour #ffd66b.","PROPOSED (school template — refine in the studio)","set1/spells/free_rolls.png",""
"S1-205","victors_spoils","Victor's Spoils","Fortune Crown · Rare","","Tactic","Draft (playable, not yet balance-tested in a deck)","","","","1","","","","","Draw a card. If you have more shards than your rival, draw another.","","","None yet. Crownfall effect for reference: “Gain 2 Crowns after every combat you win.”","Fortune Crown power: a economy scene that shows “Victor's Spoils” at work in the arena, framed by the Fortune Crown sigil (◉) in its school colour #ffd66b.","PROPOSED (school template — refine in the studio)","set1/spells/victors_spoils.png",""
"S1-206","windfall","Windfall","Fortune Crown · Epic","","Tactic","Draft (playable, not yet balance-tested in a deck)","","","","1","","","","","Gain 4 Command.","","","None yet. Crownfall effect for reference: “Gain 18 Crowns.”","Fortune Crown power: a economy scene that shows “Windfall” at work in the arena, framed by the Fortune Crown sigil (◉) in its school colour #ffd66b.","PROPOSED (school template — refine in the studio)","set1/spells/windfall.png",""
"S1-207","merchant_prince","Merchant Prince","Fortune Crown · Epic","","Tactic","Draft (playable, not yet balance-tested in a deck)","","","","1","","","","","Draw 2 cards, then put a card from your hand on the bottom of your deck.","","","None yet. Crownfall effect for reference: “Rerolls cost 1 Crown.”","Fortune Crown power: a economy scene that shows “Merchant Prince” at work in the arena, framed by the Fortune Crown sigil (◉) in its school colour #ffd66b.","PROPOSED (school template — refine in the studio)","set1/spells/merchant_prince.png",""
"S1-208","consolation","Consolation Prize","Fortune Crown · Epic","","Tactic","Draft (playable, not yet balance-tested in a deck)","","","","1","","","Shardfall","","If you have fewer shards than your rival, draw 2 cards and gain 1 Command.","","","None yet. Crownfall effect for reference: “After each loss, gain 3 Crowns and 2 XP.”","Fortune Crown power: a economy scene that shows “Consolation Prize” at work in the arena, framed by the Fortune Crown sigil (◉) in its school colour #ffd66b.","PROPOSED (school template — refine in the studio)","set1/spells/consolation.png",""
"S1-209","golden_crown","Golden Crown","Fortune Crown · Exalted","","Tactic","Draft (playable, not yet balance-tested in a deck)","","","","2","","","","","Gain 2 Command. Draw 2 cards.","","","None yet. Crownfall effect for reference: “Gain 2 extra Crowns every round, and 3 more while you hold 50 or more.”","Fortune Crown power: a economy scene that shows “Golden Crown” at work in the arena, framed by the Fortune Crown sigil (◉) in its school colour #ffd66b.","PROPOSED (school template — refine in the studio)","set1/spells/golden_crown.png",""
"S1-210","forge_masters_favor","Forge Master's Favor","Evolution Crown · Rare","","Tactic","Draft (playable, not yet balance-tested in a deck)","","","","1","","","","","Return a ★ champion from your Fallen pile to your hand.","","","None yet. Crownfall effect for reference: “Gain a random component now. Every Boss encounter gives you one extra component.”","Evolution Crown power: a upgrades & levels scene that shows “Forge Master's Favor” at work in the arena, framed by the Evolution Crown sigil (✧) in its school colour #7dd35a.","PROPOSED (school template — refine in the studio)","set1/spells/forge_masters_favor.png",""
"S1-211","overflowing_bench","Overflowing Bench","Evolution Crown · Common","","Tactic","Draft (playable, not yet balance-tested in a deck)","","","","1","","","","","Deploy a ★ champion costing 1 or less from your hand for free. Draw a card.","","","None yet. Crownfall effect for reference: “Your bench holds 2 more champions. Gain 3 Crowns.”","Evolution Crown power: a upgrades & levels scene that shows “Overflowing Bench” at work in the arena, framed by the Evolution Crown sigil (✧) in its school colour #7dd35a.","PROPOSED (school template — refine in the studio)","set1/spells/overflowing_bench.png",""
"S1-212","tempered_victory","Tempered by Victory","Evolution Crown · Rare","","Tactic","Draft (playable, not yet balance-tested in a deck)","","","","1","","","","","Your ★★ and ★★★ champions get +1 Might this turn. Draw a card.","","","None yet. Crownfall effect for reference: “Gain 4 XP. After every 2 PvP victories, a component held by one of your fielded champions evolves into a completed item.”","Evolution Crown power: a upgrades & levels scene that shows “Tempered by Victory” at work in the arena, framed by the Evolution Crown sigil (✧) in its school colour #7dd35a.","PROPOSED (school template — refine in the studio)","set1/spells/tempered_victory.png",""
"S1-213","lucky_draw","Lucky Draw","Evolution Crown · Common","","Tactic","Draft (playable, not yet balance-tested in a deck)","","","","1","","","Shardfall","","Draw a card. Gain 1 Command.","","","None yet. Crownfall effect for reference: “Gain a random Tier III champion.”","Evolution Crown power: a upgrades & levels scene that shows “Lucky Draw” at work in the arena, framed by the Evolution Crown sigil (✧) in its school colour #7dd35a.","PROPOSED (school template — refine in the studio)","set1/spells/lucky_draw.png",""
"S1-214","mirror_shard","Mirror Shard","Evolution Crown · Common","","Tactic","Draft (playable, not yet balance-tested in a deck)","","","","2","","","","","Return a ★ champion from your Fallen pile to your hand. Draw a card.","","","None yet. Crownfall effect for reference: “Gain a copy of the champion you own the most copies of (a random Tier I champion if you own none).”","Evolution Crown power: a upgrades & levels scene that shows “Mirror Shard” at work in the arena, framed by the Evolution Crown sigil (✧) in its school colour #7dd35a.","PROPOSED (school template — refine in the studio)","set1/spells/mirror_shard.png",""
"S1-215","studious","Studious","Evolution Crown · Rare","","Scheme","Draft (playable, not yet balance-tested in a deck)","","","","0","","","","","Spring when a rival champion attacks: draw a card.","","","None yet. Crownfall effect for reference: “Gain 2 extra XP every round.”","Evolution Crown power: a upgrades & levels scene that shows “Studious” at work in the arena, framed by the Evolution Crown sigil (✧) in its school colour #7dd35a.","PROPOSED (school template — refine in the studio)","set1/spells/studious.png",""
"S1-216","twin_blessing","Twin Blessing","Evolution Crown · Rare","","Tactic","Draft (playable, not yet balance-tested in a deck)","","","","3","","","","","Deploy up to two ★ champions costing 2 or less from your hand for free.","","","None yet. Crownfall effect for reference: “Gain 2 copies of a random Tier II champion you own (or any Tier II if you own none).”","Evolution Crown power: a upgrades & levels scene that shows “Twin Blessing” at work in the arena, framed by the Evolution Crown sigil (✧) in its school colour #7dd35a.","PROPOSED (school template — refine in the studio)","set1/spells/twin_blessing.png",""
"S1-217","higher_calling","Higher Calling","Evolution Crown · Rare","","Tactic","Draft (playable, not yet balance-tested in a deck)","","","","2","","","","","Draw 2 cards. Gain 1 Command.","","","None yet. Crownfall effect for reference: “Gain 10 XP.”","Evolution Crown power: a upgrades & levels scene that shows “Higher Calling” at work in the arena, framed by the Evolution Crown sigil (✧) in its school colour #7dd35a.","PROPOSED (school template — refine in the studio)","set1/spells/higher_calling.png",""
"S1-218","fourth_crown","Oath of the Fourth Crown","Evolution Crown · Exalted","","Tactic","Draft (playable, not yet balance-tested in a deck)","","","","3","","","","","Ascend one of your champions for free. It stays standing.","","","None yet. Crownfall effect for reference: “Swear to the Tier II champion you own the most copies of. Gain 2 copies of it now and 1 more every round for the rest of the match, beyond ★★★: three ★★★ ascend to ★★★★.”","Evolution Crown power: a upgrades & levels scene that shows “Oath of the Fourth Crown” at work in the arena, framed by the Evolution Crown sigil (✧) in its school colour #7dd35a.","PROPOSED (school template — refine in the studio)","set1/spells/fourth_crown.png",""
"S1-219","ascension_rite","Ascension Rite","Evolution Crown · Epic","","Tactic","Draft (playable, not yet balance-tested in a deck)","","","","2","","","","","Ascend one of your ★ champions to ★★ for free.","","","None yet. Crownfall effect for reference: “A random ★ champion on your board ascends to ★★.”","Evolution Crown power: a upgrades & levels scene that shows “Ascension Rite” at work in the arena, framed by the Evolution Crown sigil (✧) in its school colour #7dd35a.","PROPOSED (school template — refine in the studio)","set1/spells/ascension_rite.png",""
"S1-220","star_touched","Star-Touched","Evolution Crown · Epic","","Tactic","Draft (playable, not yet balance-tested in a deck)","","","","1","","","","","Your ★★ and ★★★ champions get +2 Might and +2 Guard this turn.","","","None yet. Crownfall effect for reference: “Your ★★ and ★★★ champions gain 15% health and deal 15% more damage.”","Evolution Crown power: a upgrades & levels scene that shows “Star-Touched” at work in the arena, framed by the Evolution Crown sigil (✧) in its school colour #7dd35a.","PROPOSED (school template — refine in the studio)","set1/spells/star_touched.png",""
"S1-221","prodigy_path","Prodigy's Path","Evolution Crown · Epic","","Tactic","Draft (playable, not yet balance-tested in a deck)","","","","2","","","","","You have one more Champion Zone for the rest of the game.","","","None yet. Crownfall effect for reference: “You can field 1 more champion.”","Evolution Crown power: a upgrades & levels scene that shows “Prodigy's Path” at work in the arena, framed by the Evolution Crown sigil (✧) in its school colour #7dd35a.","PROPOSED (school template — refine in the studio)","set1/spells/prodigy_path.png",""
"S1-222","apex_ascension","Apex Ascension","Evolution Crown · Exalted","","Tactic","Draft (playable, not yet balance-tested in a deck)","","","","4","","","","","You have one more Champion Zone for the rest of the game. Ascend one of your champions for free.","","","None yet. Crownfall effect for reference: “You can field 1 more champion. Gain 10 XP.”","Evolution Crown power: a upgrades & levels scene that shows “Apex Ascension” at work in the arena, framed by the Evolution Crown sigil (✧) in its school colour #7dd35a.","PROPOSED (school template — refine in the studio)","set1/spells/apex_ascension.png",""
"S1-223","pandora","Pandora's Satchel","Chaos Crown · Common","","Tactic","Draft (playable, not yet balance-tested in a deck)","","","","1","","","Shardfall","","Draw 2 cards, then put a card from your hand on the bottom of your deck.","","","None yet. Crownfall effect for reference: “Gain 2 random item components.”","Chaos Crown power: a high-risk randomness scene that shows “Pandora's Satchel” at work in the arena, framed by the Chaos Crown sigil (✺) in its school colour #ff5ae0.","PROPOSED (school template — refine in the studio)","set1/spells/pandora.png",""
"S1-224","wild_gift","Wild Gift","Chaos Crown · Common","","Tactic","Draft (playable, not yet balance-tested in a deck)","","","","2","","","","","Deploy a ★ champion costing 3 or less from your hand for free.","","","None yet. Crownfall effect for reference: “Gain a random champion of Tier I to IV.”","Chaos Crown power: a high-risk randomness scene that shows “Wild Gift” at work in the arena, framed by the Chaos Crown sigil (✺) in its school colour #ff5ae0.","PROPOSED (school template — refine in the studio)","set1/spells/wild_gift.png",""
"S1-225","coin_flip","Coin Flip","Chaos Crown · Common","","Tactic","Draft (playable, not yet balance-tested in a deck)","","","","0","","","","","Flip a coin. Heads: gain 2 Command. Tails: draw a card.","","","None yet. Crownfall effect for reference: “Heads: gain 12 Crowns. Tails: gain 4 Crowns and a component.”","Chaos Crown power: a high-risk randomness scene that shows “Coin Flip” at work in the arena, framed by the Chaos Crown sigil (✺) in its school colour #ff5ae0.","PROPOSED (school template — refine in the studio)","set1/spells/coin_flip.png",""
"S1-226","roll_of_fate","Roll of Fate","Chaos Crown · Rare","","Tactic","Draft (playable, not yet balance-tested in a deck)","","","","1","","","","","Flip a coin. Heads: draw 2 cards. Tails: gain 2 Command.","","","None yet. Crownfall effect for reference: “Every round, gain 0 to 4 Crowns at random.”","Chaos Crown power: a high-risk randomness scene that shows “Roll of Fate” at work in the arena, framed by the Chaos Crown sigil (✺) in its school colour #ff5ae0.","PROPOSED (school template — refine in the studio)","set1/spells/roll_of_fate.png",""
"S1-227","grand_convergence","Grand Convergence","Chaos Crown · Exalted","","Tactic","Draft (playable, not yet balance-tested in a deck)","","","","3","","","","","Your champions get +2 Might and +2 Guard this turn. Draw a card.","","","None yet. Crownfall effect for reference: “Every trait you have at least one champion in counts one extra champion. Gain 3 free rerolls.”","Chaos Crown power: a high-risk randomness scene that shows “Grand Convergence” at work in the arena, framed by the Chaos Crown sigil (✺) in its school colour #ff5ae0.","PROPOSED (school template — refine in the studio)","set1/spells/grand_convergence.png",""
"S1-228","mystery_box","Mystery Box","Chaos Crown · Epic","","Tactic","Draft (playable, not yet balance-tested in a deck)","","","","1","","","","","Flip a coin. Heads: draw 2 cards. Tails: return a ★ champion from your Fallen pile to your hand.","","","None yet. Crownfall effect for reference: “Gain a random completed item.”","Chaos Crown power: a high-risk randomness scene that shows “Mystery Box” at work in the arena, framed by the Chaos Crown sigil (✺) in its school colour #ff5ae0.","PROPOSED (school template — refine in the studio)","set1/spells/mystery_box.png",""
"S1-229","crownfall_dice","Dice of the Crownfall","Chaos Crown · Epic","","Tactic","Draft (playable, not yet balance-tested in a deck)","","","","2","","","","","Flip a coin. Heads: your champions get +2 Might this turn. Tails: your champions get +2 Guard this turn.","","","None yet. Crownfall effect for reference: “At combat start, each ally gains one random buff: +20% attack speed, +25 ability power, +20% attack damage, +200 health or +25 armour and resistance.”","Chaos Crown power: a high-risk randomness scene that shows “Dice of the Crownfall” at work in the arena, framed by the Chaos Crown sigil (✺) in its school colour #ff5ae0.","PROPOSED (school template — refine in the studio)","set1/spells/crownfall_dice.png",""
"S1-230","crown_of_chaos","Crown of Chaos","Chaos Crown · Exalted","","Tactic","Draft (playable, not yet balance-tested in a deck)","","","","3","","","","","Flip a coin. Heads: Scorch 3 each rival champion. Tails: draw 3 cards.","","","None yet. Crownfall effect for reference: “Gain 2 random completed items and a random Tier IV champion.”","Chaos Crown power: a high-risk randomness scene that shows “Crown of Chaos” at work in the arena, framed by the Chaos Crown sigil (✺) in its school colour #ff5ae0.","PROPOSED (school template — refine in the studio)","set1/spells/crown_of_chaos.png",""
"S1-231","crowns_favor","Crown's Favor","Creation Crown · Epic","","Tactic","Draft (playable, not yet balance-tested in a deck)","","","","2","","","","","Mend 1.","","","None yet. Crownfall effect for reference: “Gain a Crown Shard now, and every Boss encounter gives you another.”","Creation Crown power: a summons & crests scene that shows “Crown's Favor” at work in the arena, framed by the Creation Crown sigil (✥) in its school colour #6fd8ff.","PROPOSED (school template — refine in the studio)","set1/spells/crowns_favor.png",""
"S1-232","training_dummy","Crown Dummy","Creation Crown · Common","","Tactic","Draft (playable, not yet balance-tested in a deck)","","","","1","","","","","Summon a Crown Dummy.","","","None yet. Crownfall effect for reference: “At combat start, summon a Crown Dummy with 700 health in your front line.”","Creation Crown power: a summons & crests scene that shows “Crown Dummy” at work in the arena, framed by the Creation Crown sigil (✥) in its school colour #6fd8ff.","PROPOSED (school template — refine in the studio)","set1/spells/training_dummy.png",""
"S1-233","crest_kingdom","Crest of the Kingdom","Creation Crown · Rare","","Tactic","Draft (playable, not yet balance-tested in a deck)","","","","1","","","","","Your Kingdom champions get +2 Might and +2 Guard this turn.","","","None yet. Crownfall effect for reference: “Your army counts as having 1 extra Kingdom champion.”","Creation Crown power: a summons & crests scene that shows “Crest of the Kingdom” at work in the arena, framed by the Creation Crown sigil (✥) in its school colour #6fd8ff.","PROPOSED (school template — refine in the studio)","set1/spells/crest_kingdom.png",""
"S1-234","crest_gearbound","Crest of Gears","Creation Crown · Rare","","Tactic","Draft (playable, not yet balance-tested in a deck)","","","","1","","","","","Your Gearbound champions get +2 Might and +2 Guard this turn.","","","None yet. Crownfall effect for reference: “Your army counts as having 1 extra Gearbound champion.”","Creation Crown power: a summons & crests scene that shows “Crest of Gears” at work in the arena, framed by the Creation Crown sigil (✥) in its school colour #6fd8ff.","PROPOSED (school template — refine in the studio)","set1/spells/crest_gearbound.png",""
"S1-235","crest_astral","Crest of the Stars","Creation Crown · Rare","","Tactic","Draft (playable, not yet balance-tested in a deck)","","","","1","","","","","Your Astral champions get +2 Might and +2 Guard this turn.","","","None yet. Crownfall effect for reference: “Your army counts as having 1 extra Astral champion.”","Creation Crown power: a summons & crests scene that shows “Crest of the Stars” at work in the arena, framed by the Creation Crown sigil (✥) in its school colour #6fd8ff.","PROPOSED (school template — refine in the studio)","set1/spells/crest_astral.png",""
"S1-236","crest_verdant","Crest of the Grove","Creation Crown · Rare","","Tactic","Draft (playable, not yet balance-tested in a deck)","","","","1","","","","","Your Verdant champions get +2 Might and +2 Guard this turn.","","","None yet. Crownfall effect for reference: “Your army counts as having 1 extra Verdant champion.”","Creation Crown power: a summons & crests scene that shows “Crest of the Grove” at work in the arena, framed by the Creation Crown sigil (✥) in its school colour #6fd8ff.","PROPOSED (school template — refine in the studio)","set1/spells/crest_verdant.png",""
"S1-237","crest_riftborn","Crest of the Rift","Creation Crown · Rare","","Tactic","Draft (playable, not yet balance-tested in a deck)","","","","1","","","","","Your Riftborn champions get +2 Might and +2 Guard this turn.","","","None yet. Crownfall effect for reference: “Your army counts as having 1 extra Riftborn champion.”","Creation Crown power: a summons & crests scene that shows “Crest of the Rift” at work in the arena, framed by the Creation Crown sigil (✥) in its school colour #6fd8ff.","PROPOSED (school template — refine in the studio)","set1/spells/crest_riftborn.png",""
"S1-238","crest_duelist","Crest of Blades","Creation Crown · Rare","","Tactic","Draft (playable, not yet balance-tested in a deck)","","","","1","","","","","Your Duelist champions get +2 Might and +2 Guard this turn.","","","None yet. Crownfall effect for reference: “Your army counts as having 1 extra Duelist champion.”","Creation Crown power: a summons & crests scene that shows “Crest of Blades” at work in the arena, framed by the Creation Crown sigil (✥) in its school colour #6fd8ff.","PROPOSED (school template — refine in the studio)","set1/spells/crest_duelist.png",""
"S1-239","summoners_pact","Summoner's Pact","Creation Crown · Epic","","Tactic","Draft (playable, not yet balance-tested in a deck)","","","","1","","","","","Summon a Crownling. Your tokens get +2 Might and +2 Guard this turn.","","","None yet. Crownfall effect for reference: “Your summons gain 40% health and attack damage.”","Creation Crown power: a summons & crests scene that shows “Summoner's Pact” at work in the arena, framed by the Creation Crown sigil (✥) in its school colour #6fd8ff.","PROPOSED (school template — refine in the studio)","set1/spells/summoners_pact.png",""
"S1-240","living_arena","Living Arena","Creation Crown · Exalted","","Tactic","Draft (playable, not yet balance-tested in a deck)","","","","4","","","","","Summon two Treants. Your champions get +1 Guard this turn.","","","None yet. Crownfall effect for reference: “At combat start, summon 2 Treants with 800 health. Your army gains 200 health.”","Creation Crown power: a summons & crests scene that shows “Living Arena” at work in the arena, framed by the Creation Crown sigil (✥) in its school colour #6fd8ff.","PROPOSED (school template — refine in the studio)","set1/spells/living_arena.png",""
"S1-241","blood_price","Blood Price","Void Crown · Common","","Tactic","Draft (playable, not yet balance-tested in a deck)","","","","0","","","","","Break one of your own shards. Gain 3 Command.","","","None yet. Crownfall effect for reference: “Lose 8 health. Gain 12 Crowns.”","Void Crown power: a sacrifice for power scene that shows “Blood Price” at work in the arena, framed by the Void Crown sigil (☾) in its school colour #a67cff.","PROPOSED (school template — refine in the studio)","set1/spells/blood_price.png",""
"S1-242","crimson_augury","Crimson Augury","Void Crown · Rare","","Tactic","Draft (playable, not yet balance-tested in a deck)","","","","0","","","","","Break one of your own shards. Draw 2 cards.","","","None yet. Crownfall effect for reference: “Your shop rolls as if you were one level higher, but every paid reroll costs 2 health.”","Void Crown power: a sacrifice for power scene that shows “Crimson Augury” at work in the arena, framed by the Void Crown sigil (☾) in its school colour #a67cff.","PROPOSED (school template — refine in the studio)","set1/spells/crimson_augury.png",""
"S1-243","dark_bargain","Dark Bargain","Void Crown · Rare","","Tactic","Draft (playable, not yet balance-tested in a deck)","","","","1","","","","","Break one of your own shards. Deploy a ★ champion costing 5 or less from your hand for free.","","","None yet. Crownfall effect for reference: “Lose 12 health. Gain a random Tier IV champion and 6 XP.”","Void Crown power: a sacrifice for power scene that shows “Dark Bargain” at work in the arena, framed by the Void Crown sigil (☾) in its school colour #a67cff.","PROPOSED (school template — refine in the studio)","set1/spells/dark_bargain.png",""
"S1-244","soul_tax","Soul Tax","Void Crown · Rare","","Tactic","Draft (playable, not yet balance-tested in a deck)","","","","0","","","","","Break one of your own shards. Your champions get +2 Might this turn.","","","None yet. Crownfall effect for reference: “Every round, lose 1 health and gain 3 Crowns.”","Void Crown power: a sacrifice for power scene that shows “Soul Tax” at work in the arena, framed by the Void Crown sigil (☾) in its school colour #a67cff.","PROPOSED (school template — refine in the studio)","set1/spells/soul_tax.png",""
"S1-245","sacrificial_rite","Sacrificial Rite","Void Crown · Rare","","Tactic","Draft (playable, not yet balance-tested in a deck)","","","","0","","","","","Break one of your own shards. Ascend one of your champions for free.","","","None yet. Crownfall effect for reference: “Lose 10 health. A random ★ champion on your board ascends to ★★.”","Void Crown power: a sacrifice for power scene that shows “Sacrificial Rite” at work in the arena, framed by the Void Crown sigil (☾) in its school colour #a67cff.","PROPOSED (school template — refine in the studio)","set1/spells/sacrificial_rite.png",""
"S1-246","void_pact","Void Pact","Void Crown · Epic","","Tactic","Draft (playable, not yet balance-tested in a deck)","","","","1","","","","","Your champions get +3 Might and −1 Guard this turn.","","","None yet. Crownfall effect for reference: “Your army deals 25% more damage, but you take 3 extra damage when you lose.”","Void Crown power: a sacrifice for power scene that shows “Void Pact” at work in the arena, framed by the Void Crown sigil (☾) in its school colour #a67cff.","PROPOSED (school template — refine in the studio)","set1/spells/void_pact.png",""
"S1-247","glass_crown","Glass Crown","Void Crown · Epic","","Tactic","Draft (playable, not yet balance-tested in a deck)","","","","1","","","","","A champion gets +5 Might and −2 Guard this turn.","","","None yet. Crownfall effect for reference: “Your army gains 30% attack damage and 30 ability power but has 20% less health.”","Void Crown power: a sacrifice for power scene that shows “Glass Crown” at work in the arena, framed by the Void Crown sigil (☾) in its school colour #a67cff.","PROPOSED (school template — refine in the studio)","set1/spells/glass_crown.png",""
"S1-248","abyssal_hunger","Abyssal Hunger","Void Crown · Epic","","Scheme","Draft (playable, not yet balance-tested in a deck)","","","","0","","","","","Spring when one of your champions is attacked or blocks: break one of your own shards and Shield one of your champions.","","","None yet. Crownfall effect for reference: “Your army heals for 20% of all damage dealt.”","Void Crown power: a sacrifice for power scene that shows “Abyssal Hunger” at work in the arena, framed by the Void Crown sigil (☾) in its school colour #a67cff.","PROPOSED (school template — refine in the studio)","set1/spells/abyssal_hunger.png",""
"S1-249","crown_of_nothing","Crown of Nothing","Void Crown · Exalted","","Tactic","Draft (playable, not yet balance-tested in a deck)","","","","2","","","","","Break two of your own shards. Your champions get +4 Might this turn.","","","None yet. Crownfall effect for reference: “Lose 20 health. Your army deals 40% more damage.”","Void Crown power: a sacrifice for power scene that shows “Crown of Nothing” at work in the arena, framed by the Void Crown sigil (☾) in its school colour #a67cff.","PROPOSED (school template — refine in the studio)","set1/spells/crown_of_nothing.png",""
"S1-250","unmaking_pact","Unmaking Pact","Void Crown · Exalted","","Tactic","Draft (playable, not yet balance-tested in a deck)","","","","1","","","","","Break two of your own shards. You have two more Champion Zones for the rest of the game.","","","None yet. Crownfall effect for reference: “Lose 15 health. You can field 2 more champions.”","Void Crown power: a sacrifice for power scene that shows “Unmaking Pact” at work in the arena, framed by the Void Crown sigil (☾) in its school colour #a67cff.","PROPOSED (school template — refine in the studio)","set1/spells/unmaking_pact.png",""
"S1-251","edict-crowns_bounty","Crown's Bounty","Proclaimed by Aurelia","","Edict","Draft (playable, not yet balance-tested in a deck)","","","","2","","","","","Each player gains 1 extra Command at the start of their turn.","","The Crown pays its soldiers before the first battle.","Crownfall Edict proclamation","Aurelia proclaiming the Edict from the royal box, the arena crowd below.","PROPOSED (host is canon)","set1/edicts/edict_crowns_bounty.png",""
"S1-252","edict-open_market","The Open Market","Proclaimed by Maeve","","Edict","Draft (playable, not yet balance-tested in a deck)","","","","2","","","","","Once per turn, a player may pay 1 Command to put a card from their hand on the bottom of their deck and draw a card.","","Every bargain is open today. Look again — and again.","Crownfall Edict proclamation","Maeve proclaiming the Edict from the royal box, the arena crowd below.","PROPOSED (host is canon)","set1/edicts/edict_open_market.png",""
"S1-253","edict-scholars_ascent","Scholar's Ascent","Proclaimed by Elysian","","Edict","Draft (playable, not yet balance-tested in a deck)","","","","2","","","","","Ascend costs are 1 lower (minimum 0).","","Climb, and the Firmament will lift you higher.","Crownfall Edict proclamation","Elysian proclaiming the Edict from the royal box, the arena crowd below.","PROPOSED (host is canon)","set1/edicts/edict_scholars_ascent.png",""
"S1-254","edict-shard_season","Shard Season","Proclaimed by Zyrak","","Edict","Draft (playable, not yet balance-tested in a deck)","","","","2","","","","","Whenever a Crown Shard breaks, its owner also draws a card.","","The Lattice is breaking. Catch the pieces.","Crownfall Edict proclamation","Zyrak proclaiming the Edict from the royal box, the arena crowd below.","PROPOSED (host is canon)","set1/edicts/edict_shard_season.png",""
"S1-255","edict-war_banners","War Banners","Proclaimed by General Varr","","Edict","Draft (playable, not yet balance-tested in a deck)","","","","2","","","","","The first time each turn a player breaks a rival’s shard with an attack, that player gains 1 Command.","","Hold the line, or break it — either way, the banners fly.","Crownfall Edict proclamation","General Varr proclaiming the Edict from the royal box, the arena crowd below.","PROPOSED (host is canon)","set1/edicts/edict_war_banners.png",""
"S1-256","edict-exalted_dawn","Exalted Dawn","Proclaimed by Sol","","Edict","Draft (playable, not yet balance-tested in a deck)","","","","2","","","","","★★★ Ascend costs are 1 lower (minimum 0).","","The first light shines brightest on the Crown.","Crownfall Edict proclamation","Sol proclaiming the Edict from the royal box, the arena crowd below.","PROPOSED (host is canon)","set1/edicts/edict_exalted_dawn.png",""
